,keywords,number_of_times_word_appeared,tf,idf,tf_idf
959,th,451,0.012349059445250677,-6.111467339502679,-0.07547087347322658
1486,an,435,0.01191095534076285,-6.075346031088684,-0.07236317525597814
857,in,385,0.010541880014238383,-5.953243334287785,-0.06275837692562627
249,on,360,0.00985734235097615,-5.886104031450156,-0.05802134255146508
478,or,356,0.009747816324854193,-5.87493073085203,-0.057267745685587
863,re,350,0.009583527285671257,-5.857933154483459,-0.05613966222363053
388,at,328,0.008981134142000493,-5.793013608384143,-0.0520278323033323
438,nd,258,0.007064428684866241,-5.552959584921617,-0.03922848697762321
1291,the,234,0.006407272528134498,-5.455321115357702,-0.03495372911458345
1429,as,230,0.006297746502012541,-5.438079308923196,-0.03424764494543783
723,et,218,0.005969168423646669,-5.384495062789089,-0.03214095790608202
806,it,217,0.00594178691711618,-5.37989735354046,-0.03196620371069466
1023,al,207,0.005667971851811286,-5.332718793265369,-0.03022570001385316
1379,to,207,0.005667971851811286,-5.332718793265369,-0.03022570001385316
830,se,203,0.00555844582568933,-5.313205979041787,-0.02953316759523241
1197,and,193,0.005284630760384436,-5.262690188904886,-0.02781137445466014
980,de,187,0.005120341721201501,-5.231108616854587,-0.026785063699017217
693,is,183,0.0050108156950795435,-5.209486152841421,-0.026103774977957343
1335,of,167,0.0045727115905917146,-5.117993812416755,-0.023403109626614776
564,lo,148,0.004052462966512418,-4.997212273764115,-0.02025101767523039
185,ing,134,0.0036691218750855674,-4.897839799950911,-0.017970771150664606
906,UDP,122,0.0033405437967196955,-4.804021044733257,-0.01604804270029455
460,ac,115,0.0031488732510062704,-4.74493212836325,-0.01494118985684329
1195,for,112,0.0030667287314148023,-4.718498871295094,-0.014470356057748981
1356,tion,109,0.0029845842118233347,-4.6913478822291435,-0.014001722821471939
418,ment,109,0.0029845842118233347,-4.6913478822291435,-0.014001722821471939
1002,net,105,0.0028750581857013772,-4.653960350157523,-0.013380406800650035
1328,po,98,0.002683387639987952,-4.584967478670572,-0.012303245062011338
870,TCP,98,0.002683387639987952,-4.584967478670572,-0.012303245062011338
1351,con,93,0.0025464801073355058,-4.532599493153256,-0.011542174443833764
937,pro,91,0.002491717094274527,-4.51085950651685,-0.011239785742258791
1014,be,79,0.002163139015908655,-4.3694478524670215,-0.0094517231276497
334,we,77,0.002108376002847677,-4.343805421853684,-0.009158375112475938
160,In,73,0.0019988499767257194,-4.290459441148391,-0.008575984754082104
868,port,71,0.001944086963664741,-4.2626798770413155,-0.008287020379232042
288,no,70,0.0019167054571342516,-4.248495242049359,-0.00814311401504491
776,work,64,0.0017524164179513156,-4.1588830833596715,-0.0072880949956194785
443,low,64,0.0017524164179513156,-4.1588830833596715,-0.0072880949956194785
373,ap,63,0.0017250349114208265,-4.143134726391533,-0.007147052045745368
194,two,63,0.0017250349114208265,-4.143134726391533,-0.007147052045745368
1147,per,56,0.0015333643657074012,-4.02535169073515,-0.006172330842013318
1020,copy,56,0.0015333643657074012,-4.02535169073515,-0.006172330842013318
727,copycat,55,0.001505982859176912,-4.007333185232471,-0.006034975087970919
1079,all,52,0.001423838339585444,-3.951243718581427,-0.005625932295562394
102,tocol,52,0.001423838339585444,-3.951243718581427,-0.005625932295562394
1228,flow,52,0.001423838339585444,-3.951243718581427,-0.005625932295562394
42,if,51,0.0013964568330549546,-3.9318256327243257,-0.005490624771198505
92,ity,48,0.0013143123134634867,-3.871201010907891,-0.005087967156528539
1221,by,46,0.0012595493004025082,-3.828641396489095,-0.004822362592439922
1075,with,44,0.0012047862873415295,-3.784189633918261,-0.004559139779644683
1483,mea,43,0.0011774047808110401,-3.7612001156935624,-0.004428454997804638
518,trans,42,0.001150023274280551,-3.7376696182833684,-0.004298407052597176
733,that,42,0.001150023274280551,-3.7376696182833684,-0.004298407052597176
889,network,41,0.0011226417677500616,-3.713572066704308,-0.004169011109632174
595,so,41,0.0011226417677500616,-3.713572066704308,-0.004169011109632174
20,are,40,0.0010952602612195723,-3.6888794541139363,-0.004040283074520343
302,proto,39,0.001067878754689083,-3.6635616461296463,-0.003912239648395613
399,IP,38,0.0010404972481585938,-3.6375861597263857,-0.003784898389135091
887,Internet,38,0.0010404972481585938,-3.6375861597263857,-0.003784898389135091
547,protocol,37,0.0010131157416281044,-3.6109179126442243,-0.00365827777902676
1391,tial,37,0.0010131157416281044,-3.6109179126442243,-0.00365827777902676
1355,com,35,0.0009583527285671258,-3.5553480614894135,-0.0034072775157342207
296,connec,33,0.0009035897155061472,-3.4965075614664802,-0.0031594082727305892
1101,bias,33,0.0009035897155061472,-3.4965075614664802,-0.0031594082727305892
392,transport,33,0.0009035897155061472,-3.4965075614664802,-0.0031594082727305892
285,surement,32,0.0008762082089756578,-3.4657359027997265,-0.003036706248174783
289,form,31,0.0008488267024451686,-3.4339872044851463,-0.0029148600350220296
877,flows,31,0.0008488267024451686,-3.4339872044851463,-0.0029148600350220296
1206,able,31,0.0008488267024451686,-3.4339872044851463,-0.0029148600350220296
1259,ms,30,0.0008214451959146792,-3.4011973816621555,-0.002793897249523963
1461,The,30,0.0008214451959146792,-3.4011973816621555,-0.002793897249523963
1070,use,28,0.0007666821828537006,-3.332204510175204,-0.002554741827576071
111,ob,28,0.0007666821828537006,-3.332204510175204,-0.002554741827576071
1463,led,28,0.0007666821828537006,-3.332204510175204,-0.002554741827576071
791,cols,28,0.0007666821828537006,-3.332204510175204,-0.002554741827576071
1361,through,28,0.0007666821828537006,-3.332204510175204,-0.002554741827576071
705,traffic,28,0.0007666821828537006,-3.332204510175204,-0.002554741827576071
423,differen,27,0.0007393006763232113,-3.295836866004329,-0.0024366144240879736
616,measure,27,0.0007393006763232113,-3.295836866004329,-0.0024366144240879736
1238,tocols,26,0.000711919169792722,-3.258096538021482,-0.002319501382452795
994,this,25,0.0006845376632622327,-3.2188758248682006,-0.0022034417354865696
34,ica,25,0.0006845376632622327,-3.2188758248682006,-0.0022034417354865696
159,pair,25,0.0006845376632622327,-3.2188758248682006,-0.0022034417354865696
837,throughput,25,0.0006845376632622327,-3.2188758248682006,-0.0022034417354865696
1344,rate,24,0.0006571561567317434,-3.1780538303479458,-0.002088477641038052
77,red,23,0.0006297746502012541,-3.1354942159291497,-0.0019746547730448358
1138,ments,22,0.0006023931436707647,-3.0910424533583156,-0.001862022780698309
586,deploy,22,0.0006023931436707647,-3.0910424533583156,-0.001862022780698309
1121,serve,22,0.0006023931436707647,-3.0910424533583156,-0.001862022780698309
1134,not,21,0.0005750116371402755,-3.044522437723423,-0.001750635831225648
1411,For,21,0.0005750116371402755,-3.044522437723423,-0.001750635831225648
603,PlanetLab,21,0.0005750116371402755,-3.044522437723423,-0.001750635831225648
219,nectivity,21,0.0005750116371402755,-3.044522437723423,-0.001750635831225648
266,Trans,20,0.0005476301306097861,-2.995732273553991,-0.0016405532562383236
1167,RTT,20,0.0005476301306097861,-2.995732273553991,-0.0016405532562383236
825,header,20,0.0005476301306097861,-2.995732273553991,-0.0016405532562383236
425,perform,20,0.0005476301306097861,-2.995732273553991,-0.0016405532562383236
10,node,19,0.0005202486240792969,-2.9444389791664407,-0.0015318403275967902
1456,new,19,0.0005202486240792969,-2.9444389791664407,-0.0015318403275967902
21,measurement,19,0.0005202486240792969,-2.9444389791664407,-0.0015318403275967902
378,protocols,19,0.0005202486240792969,-2.9444389791664407,-0.0015318403275967902
15,different,19,0.0005202486240792969,-2.9444389791664407,-0.0015318403275967902
1389,We,18,0.0004928671175488075,-2.890371757896165,-0.0014245691969587625
114,This,18,0.0004928671175488075,-2.890371757896165,-0.0014245691969587625
243,can,18,0.0004928671175488075,-2.890371757896165,-0.0014245691969587625
1325,encap,18,0.0004928671175488075,-2.890371757896165,-0.0014245691969587625
767,from,18,0.0004928671175488075,-2.890371757896165,-0.0014245691969587625
1177,connectiv,18,0.0004928671175488075,-2.890371757896165,-0.0014245691969587625
1136,min,18,0.0004928671175488075,-2.890371757896165,-0.0014245691969587625
339,test,17,0.0004654856110183182,-2.833213344056216,-0.0013188200446032604
1401,see,17,0.0004654856110183182,-2.833213344056216,-0.0013188200446032604
381,both,17,0.0004654856110183182,-2.833213344056216,-0.0013188200446032604
1482,control,17,0.0004654856110183182,-2.833213344056216,-0.0013188200446032604
1271,works,17,0.0004654856110183182,-2.833213344056216,-0.0013188200446032604
85,connectivity,17,0.0004654856110183182,-2.833213344056216,-0.0013188200446032604
1008,cess,17,0.0004654856110183182,-2.833213344056216,-0.0013188200446032604
760,client,17,0.0004654856110183182,-2.833213344056216,-0.0013188200446032604
51,tun,17,0.0004654856110183182,-2.833213344056216,-0.0013188200446032604
1222,DO,16,0.0004381041044878289,-2.772588722239781,-0.001214682499269913
280,formance,16,0.0004381041044878289,-2.772588722239781,-0.001214682499269913
281,v6,16,0.0004381041044878289,-2.772588722239781,-0.001214682499269913
1491,here,16,0.0004381041044878289,-2.772588722239781,-0.001214682499269913
684,ering,16,0.0004381041044878289,-2.772588722239781,-0.001214682499269913
446,between,16,0.0004381041044878289,-2.772588722239781,-0.001214682499269913
523,end,16,0.0004381041044878289,-2.772588722239781,-0.001214682499269913
1431,Fig,16,0.0004381041044878289,-2.772588722239781,-0.001214682499269913
640,rd,16,0.0004381041044878289,-2.772588722239781,-0.001214682499269913
746,based,16,0.0004381041044878289,-2.772588722239781,-0.001214682499269913
758,server,15,0.0004107225979573396,-2.70805020110221,-0.0011122574139955956
1187,treatment,15,0.0004107225979573396,-2.70805020110221,-0.0011122574139955956
301,IPv6,15,0.0004107225979573396,-2.70805020110221,-0.0011122574139955956
1323,but,15,0.0004107225979573396,-2.70805020110221,-0.0011122574139955956
327,provide,15,0.0004107225979573396,-2.70805020110221,-0.0011122574139955956
1250,ports,15,0.0004107225979573396,-2.70805020110221,-0.0011122574139955956
1484,has,15,0.0004107225979573396,-2.70805020110221,-0.0011122574139955956
178,set,15,0.0004107225979573396,-2.70805020110221,-0.0011122574139955956
659,data,15,0.0004107225979573396,-2.70805020110221,-0.0011122574139955956
1034,over,15,0.0004107225979573396,-2.70805020110221,-0.0011122574139955956
176,v4,15,0.0004107225979573396,-2.70805020110221,-0.0011122574139955956
1085,sulation,15,0.0004107225979573396,-2.70805020110221,-0.0011122574139955956
1416,do,15,0.0004107225979573396,-2.70805020110221,-0.0011122574139955956
900,encapsulation,14,0.0003833410914268503,-2.639057329615259,-0.0010116591170727424
865,IPv4,14,0.0003833410914268503,-2.639057329615259,-0.0010116591170727424
694,sec,14,0.0003833410914268503,-2.639057329615259,-0.0010116591170727424
1266,QUIC,14,0.0003833410914268503,-2.639057329615259,-0.0010116591170727424
716,mean,14,0.0003833410914268503,-2.639057329615259,-0.0010116591170727424
1301,initial,14,0.0003833410914268503,-2.639057329615259,-0.0010116591170727424
1394,Ocean,14,0.0003833410914268503,-2.639057329615259,-0.0010116591170727424
1302,networks,14,0.0003833410914268503,-2.639057329615259,-0.0010116591170727424
923,Sec,13,0.000355959584896361,-2.5649493574615367,-0.0009130183085621964
925,ability,13,0.000355959584896361,-2.5649493574615367,-0.0009130183085621964
66,controlled,13,0.000355959584896361,-2.5649493574615367,-0.0009130183085621964
629,its,13,0.000355959584896361,-2.5649493574615367,-0.0009130183085621964
1068,also,13,0.000355959584896361,-2.5649493574615367,-0.0009130183085621964
230,value,13,0.000355959584896361,-2.5649493574615367,-0.0009130183085621964
234,how,13,0.000355959584896361,-2.5649493574615367,-0.0009130183085621964
258,impairment,13,0.000355959584896361,-2.5649493574615367,-0.0009130183085621964
1186,differential,13,0.000355959584896361,-2.5649493574615367,-0.0009130183085621964
1013,tunnel,13,0.000355959584896361,-2.5649493574615367,-0.0009130183085621964
807,Protocol,13,0.000355959584896361,-2.5649493574615367,-0.0009130183085621964
360,latency,13,0.000355959584896361,-2.5649493574615367,-0.0009130183085621964
726,Measure,13,0.000355959584896361,-2.5649493574615367,-0.0009130183085621964
217,line,12,0.0003285780783658717,-2.4849066497880004,-0.0008164858519059173
1127,back,12,0.0003285780783658717,-2.4849066497880004,-0.0008164858519059173
649,access,12,0.0003285780783658717,-2.4849066497880004,-0.0008164858519059173
1422,headers,12,0.0003285780783658717,-2.4849066497880004,-0.0008164858519059173
1234,Proc,12,0.0003285780783658717,-2.4849066497880004,-0.0008164858519059173
432,one,12,0.0003285780783658717,-2.4849066497880004,-0.0008164858519059173
1037,Measurement,12,0.0003285780783658717,-2.4849066497880004,-0.0008164858519059173
164,performance,12,0.0003285780783658717,-2.4849066497880004,-0.0008164858519059173
380,gestion,12,0.0003285780783658717,-2.4849066497880004,-0.0008164858519059173
1196,Digital,12,0.0003285780783658717,-2.4849066497880004,-0.0008164858519059173
6,Net,12,0.0003285780783658717,-2.4849066497880004,-0.0008164858519059173
841,nodes,12,0.0003285780783658717,-2.4849066497880004,-0.0008164858519059173
276,used,11,0.00030119657183538237,-2.3978952727983707,-0.0007222378357871382
229,case,11,0.00030119657183538237,-2.3978952727983707,-0.0007222378357871382
605,To,11,0.00030119657183538237,-2.3978952727983707,-0.0007222378357871382
552,packet,11,0.00030119657183538237,-2.3978952727983707,-0.0007222378357871382
409,spec,11,0.00030119657183538237,-2.3978952727983707,-0.0007222378357871382
309,Force,11,0.00030119657183538237,-2.3978952727983707,-0.0007222378357871382
1214,Transport,11,0.00030119657183538237,-2.3978952727983707,-0.0007222378357871382
62,Engi,11,0.00030119657183538237,-2.3978952727983707,-0.0007222378357871382
645,neering,11,0.00030119657183538237,-2.3978952727983707,-0.0007222378357871382
692,run,11,0.00030119657183538237,-2.3978952727983707,-0.0007222378357871382
46,Task,11,0.00030119657183538237,-2.3978952727983707,-0.0007222378357871382
151,ployment,11,0.00030119657183538237,-2.3978952727983707,-0.0007222378357871382
845,each,11,0.00030119657183538237,-2.3978952727983707,-0.0007222378357871382
1326,ACM,11,0.00030119657183538237,-2.3978952727983707,-0.0007222378357871382
608,limit,10,0.00027381506530489306,-2.3025850929940455,-0.0006304824876082378
786,sent,10,0.00027381506530489306,-2.3025850929940455,-0.0006304824876082378
400,congestion,10,0.00027381506530489306,-2.3025850929940455,-0.0006304824876082378
402,eval,10,0.00027381506530489306,-2.3025850929940455,-0.0006304824876082378
88,blocking,10,0.00027381506530489306,-2.3025850929940455,-0.0006304824876082378
439,custom,10,0.00027381506530489306,-2.3025850929940455,-0.0006304824876082378
463,ANRW,10,0.00027381506530489306,-2.3025850929940455,-0.0006304824876082378
778,packets,10,0.00027381506530489306,-2.3025850929940455,-0.0006304824876082378
1204,connection,10,0.00027381506530489306,-2.3025850929940455,-0.0006304824876082378
1067,Engineering,10,0.00027381506530489306,-2.3025850929940455,-0.0006304824876082378
466,show,10,0.00027381506530489306,-2.3025850929940455,-0.0006304824876082378
1084,loss,10,0.00027381506530489306,-2.3025850929940455,-0.0006304824876082378
1190,art,10,0.00027381506530489306,-2.3025850929940455,-0.0006304824876082378
220,only,9,0.00024643355877440376,-2.1972245773362196,-0.0005414698720195497
1184,NA,9,0.00024643355877440376,-2.1972245773362196,-0.0005414698720195497
784,side,9,0.00024643355877440376,-2.1972245773362196,-0.0005414698720195497
1404,than,9,0.00024643355877440376,-2.1972245773362196,-0.0005414698720195497
663,means,9,0.00024643355877440376,-2.1972245773362196,-0.0005414698720195497
766,have,9,0.00024643355877440376,-2.1972245773362196,-0.0005414698720195497
1292,mission,9,0.00024643355877440376,-2.1972245773362196,-0.0005414698720195497
597,Network,9,0.00024643355877440376,-2.1972245773362196,-0.0005414698720195497
666,deployment,9,0.00024643355877440376,-2.1972245773362196,-0.0005414698720195497
344,path,9,0.00024643355877440376,-2.1972245773362196,-0.0005414698720195497
826,As,8,0.00021905205224391445,-2.0794415416798357,-0.0004555059372262174
1050,It,8,0.00021905205224391445,-2.0794415416798357,-0.0004555059372262174
835,our,8,0.00021905205224391445,-2.0794415416798357,-0.0004555059372262174
993,any,8,0.00021905205224391445,-2.0794415416798357,-0.0004555059372262174
483,median,8,0.00021905205224391445,-2.0794415416798357,-0.0004555059372262174
1332,Table,8,0.00021905205224391445,-2.0794415416798357,-0.0004555059372262174
1003,advantage,8,0.00021905205224391445,-2.0794415416798357,-0.0004555059372262174
517,July,8,0.00021905205224391445,-2.0794415416798357,-0.0004555059372262174
511,part,8,0.00021905205224391445,-2.0794415416798357,-0.0004555059372262174
268,approach,8,0.00021905205224391445,-2.0794415416798357,-0.0004555059372262174
1239,No,8,0.00021905205224391445,-2.0794415416798357,-0.0004555059372262174
604,inter,8,0.00021905205224391445,-2.0794415416798357,-0.0004555059372262174
59,introduce,8,0.00021905205224391445,-2.0794415416798357,-0.0004555059372262174
820,well,8,0.00021905205224391445,-2.0794415416798357,-0.0004555059372262174
1175,DOI,8,0.00021905205224391445,-2.0794415416798357,-0.0004555059372262174
431,Czech,8,0.00021905205224391445,-2.0794415416798357,-0.0004555059372262174
668,HTTP,8,0.00021905205224391445,-2.0794415416798357,-0.0004555059372262174
37,Prague,8,0.00021905205224391445,-2.0794415416798357,-0.0004555059372262174
1387,uate,8,0.00021905205224391445,-2.0794415416798357,-0.0004555059372262174
613,other,8,0.00021905205224391445,-2.0794415416798357,-0.0004555059372262174
1407,size,8,0.00021905205224391445,-2.0794415416798357,-0.0004555059372262174
1231,Republic,8,0.00021905205224391445,-2.0794415416798357,-0.0004555059372262174
1327,too,8,0.00021905205224391445,-2.0794415416798357,-0.0004555059372262174
689,provides,7,0.00019167054571342515,-1.9459101490553135,-0.00037297366017872437
594,teristics,7,0.00019167054571342515,-1.9459101490553135,-0.00037297366017872437
908,middlebox,7,0.00019167054571342515,-1.9459101490553135,-0.00037297366017872437
444,http,7,0.00019167054571342515,-1.9459101490553135,-0.00037297366017872437
729,measurements,7,0.00019167054571342515,-1.9459101490553135,-0.00037297366017872437
781,QoS,7,0.00019167054571342515,-1.9459101490553135,-0.00037297366017872437
936,large,7,0.00019167054571342515,-1.9459101490553135,-0.00037297366017872437
932,fall,7,0.00019167054571342515,-1.9459101490553135,-0.00037297366017872437
679,RFC,7,0.00019167054571342515,-1.9459101490553135,-0.00037297366017872437
576,measured,7,0.00019167054571342515,-1.9459101490553135,-0.00037297366017872437
267,Data,7,0.00019167054571342515,-1.9459101490553135,-0.00037297366017872437
768,such,7,0.00019167054571342515,-1.9459101490553135,-0.00037297366017872437
938,link,7,0.00019167054571342515,-1.9459101490553135,-0.00037297366017872437
982,results,7,0.00019167054571342515,-1.9459101490553135,-0.00037297366017872437
343,tively,7,0.00019167054571342515,-1.9459101490553135,-0.00037297366017872437
283,pairs,7,0.00019167054571342515,-1.9459101490553135,-0.00037297366017872437
991,these,7,0.00019167054571342515,-1.9459101490553135,-0.00037297366017872437
882,present,7,0.00019167054571342515,-1.9459101490553135,-0.00037297366017872437
248,difference,7,0.00019167054571342515,-1.9459101490553135,-0.00037297366017872437
75,impairments,7,0.00019167054571342515,-1.9459101490553135,-0.00037297366017872437
1227,evaluate,7,0.00019167054571342515,-1.9459101490553135,-0.00037297366017872437
1402,via,7,0.00019167054571342515,-1.9459101490553135,-0.00037297366017872437
1352,testing,7,0.00019167054571342515,-1.9459101490553135,-0.00037297366017872437
121,servers,7,0.00019167054571342515,-1.9459101490553135,-0.00037297366017872437
1455,relative,7,0.00019167054571342515,-1.9459101490553135,-0.00037297366017872437
1145,view,7,0.00019167054571342515,-1.9459101490553135,-0.00037297366017872437
725,throuдhput_bias,6,0.00016428903918293584,-1.791759469228055,-0.00029436644164640424
475,tool,6,0.00016428903918293584,-1.791759469228055,-0.00029436644164640424
557,full,6,0.00016428903918293584,-1.791759469228055,-0.00029436644164640424
1430,observe,6,0.00016428903918293584,-1.791759469228055,-0.00029436644164640424
1012,probe,6,0.00016428903918293584,-1.791759469228055,-0.00029436644164640424
1139,countries,6,0.00016428903918293584,-1.791759469228055,-0.00029436644164640424
198,Different,6,0.00016428903918293584,-1.791759469228055,-0.00029436644164640424
17,due,6,0.00016428903918293584,-1.791759469228055,-0.00029436644164640424
1410,layer,6,0.00016428903918293584,-1.791759469228055,-0.00029436644164640424
1106,determine,6,0.00016428903918293584,-1.791759469228055,-0.00029436644164640424
1285,nections,6,0.00016428903918293584,-1.791759469228055,-0.00029436644164640424
910,dataset,6,0.00016428903918293584,-1.791759469228055,-0.00029436644164640424
181,compare,6,0.00016428903918293584,-1.791759469228055,-0.00029436644164640424
414,Wild,6,0.00016428903918293584,-1.791759469228055,-0.00029436644164640424
1163,experiment,6,0.00016428903918293584,-1.791759469228055,-0.00029436644164640424
1418,less,6,0.00016428903918293584,-1.791759469228055,-0.00029436644164640424
1198,application,6,0.00016428903918293584,-1.791759469228055,-0.00029436644164640424
577,available,6,0.00016428903918293584,-1.791759469228055,-0.00029436644164640424
1257,tunneled,6,0.00016428903918293584,-1.791759469228055,-0.00029436644164640424
149,where,6,0.00016428903918293584,-1.791759469228055,-0.00029436644164640424
815,New,6,0.00016428903918293584,-1.791759469228055,-0.00029436644164640424
1453,https,6,0.00016428903918293584,-1.791759469228055,-0.00029436644164640424
805,However,6,0.00016428903918293584,-1.791759469228055,-0.00029436644164640424
377,Figure,6,0.00016428903918293584,-1.791759469228055,-0.00029436644164640424
1217,section,6,0.00016428903918293584,-1.791759469228055,-0.00029436644164640424
1437,clients,6,0.00016428903918293584,-1.791759469228055,-0.00029436644164640424
1282,KB,6,0.00016428903918293584,-1.791759469228055,-0.00029436644164640424
1317,charac,6,0.00016428903918293584,-1.791759469228055,-0.00029436644164640424
251,sub,6,0.00016428903918293584,-1.791759469228055,-0.00029436644164640424
287,provided,6,0.00016428903918293584,-1.791759469228055,-0.00029436644164640424
507,shown,6,0.00016428903918293584,-1.791759469228055,-0.00029436644164640424
513,Work,6,0.00016428903918293584,-1.791759469228055,-0.00029436644164640424
1376,SCTP,6,0.00016428903918293584,-1.791759469228055,-0.00029436644164640424
641,current,6,0.00016428903918293584,-1.791759469228055,-0.00029436644164640424
1058,been,6,0.00016428903918293584,-1.791759469228055,-0.00029436644164640424
1059,non,6,0.00016428903918293584,-1.791759469228055,-0.00029436644164640424
228,higher,6,0.00016428903918293584,-1.791759469228055,-0.00029436644164640424
1063,Protocols,6,0.00016428903918293584,-1.791759469228055,-0.00029436644164640424
1350,disadvantage,6,0.00016428903918293584,-1.791759469228055,-0.00029436644164640424
983,under,6,0.00016428903918293584,-1.791759469228055,-0.00029436644164640424
633,Conference,6,0.00016428903918293584,-1.791759469228055,-0.00029436644164640424
1341,values,6,0.00016428903918293584,-1.791759469228055,-0.00029436644164640424
852,about,5,0.00013690753265244653,-1.6094379124341003,-0.00022034417354865698
1168,consists,5,0.00013690753265244653,-1.6094379124341003,-0.00022034417354865698
1419,first,5,0.00013690753265244653,-1.6094379124341003,-0.00022034417354865698
387,wire,5,0.00013690753265244653,-1.6094379124341003,-0.00022034417354865698
572,characteristics,5,0.00013690753265244653,-1.6094379124341003,-0.00022034417354865698
167,same,5,0.00013690753265244653,-1.6094379124341003,-0.00022034417354865698
3,AS,5,0.00013690753265244653,-1.6094379124341003,-0.00022034417354865698
263,EU,5,0.00013690753265244653,-1.6094379124341003,-0.00022034417354865698
1202,there,5,0.00013690753265244653,-1.6094379124341003,-0.00022034417354865698
827,Layer,5,0.00013690753265244653,-1.6094379124341003,-0.00022034417354865698
823,transports,5,0.00013690753265244653,-1.6094379124341003,-0.00022034417354865698
581,distributed,5,0.00013690753265244653,-1.6094379124341003,-0.00022034417354865698
1421,interface,5,0.00013690753265244653,-1.6094379124341003,-0.00022034417354865698
944,question,5,0.00013690753265244653,-1.6094379124341003,-0.00022034417354865698
146,project,5,0.00013690753265244653,-1.6094379124341003,-0.00022034417354865698
246,image,5,0.00013690753265244653,-1.6094379124341003,-0.00022034417354865698
803,Amer,5,0.00013690753265244653,-1.6094379124341003,-0.00022034417354865698
1447,using,5,0.00013690753265244653,-1.6094379124341003,-0.00022034417354865698
1445,mech,5,0.00013690753265244653,-1.6094379124341003,-0.00022034417354865698
947,deployability,5,0.00013690753265244653,-1.6094379124341003,-0.00022034417354865698
1216,ronment,5,0.00013690753265244653,-1.6094379124341003,-0.00022034417354865698
1485,IMC,5,0.00013690753265244653,-1.6094379124341003,-0.00022034417354865698
504,number,5,0.00013690753265244653,-1.6094379124341003,-0.00022034417354865698
1225,Differential,5,0.00013690753265244653,-1.6094379124341003,-0.00022034417354865698
631,most,5,0.00013690753265244653,-1.6094379124341003,-0.00022034417354865698
731,while,5,0.00013690753265244653,-1.6094379124341003,-0.00022034417354865698
191,multiple,5,0.00013690753265244653,-1.6094379124341003,-0.00022034417354865698
1148,fallback,5,0.00013690753265244653,-1.6094379124341003,-0.00022034417354865698
410,experimental,5,0.00013690753265244653,-1.6094379124341003,-0.00022034417354865698
916,slight,5,0.00013690753265244653,-1.6094379124341003,-0.00022034417354865698
216,native,5,0.00013690753265244653,-1.6094379124341003,-0.00022034417354865698
892,See,5,0.00013690753265244653,-1.6094379124341003,-0.00022034417354865698
567,Edeline,5,0.00013690753265244653,-1.6094379124341003,-0.00022034417354865698
306,was,5,0.00013690753265244653,-1.6094379124341003,-0.00022034417354865698
922,linked,5,0.00013690753265244653,-1.6094379124341003,-0.00022034417354865698
977,problem,5,0.00013690753265244653,-1.6094379124341003,-0.00022034417354865698
1146,Europe,5,0.00013690753265244653,-1.6094379124341003,-0.00022034417354865698
885,Testing,5,0.00013690753265244653,-1.6094379124341003,-0.00022034417354865698
273,observed,5,0.00013690753265244653,-1.6094379124341003,-0.00022034417354865698
528,udp,5,0.00013690753265244653,-1.6094379124341003,-0.00022034417354865698
974,addition,5,0.00013690753265244653,-1.6094379124341003,-0.00022034417354865698
728,small,5,0.00013690753265244653,-1.6094379124341003,-0.00022034417354865698
422,particular,5,0.00013690753265244653,-1.6094379124341003,-0.00022034417354865698
555,seen,5,0.00013690753265244653,-1.6094379124341003,-0.00022034417354865698
202,probes,5,0.00013690753265244653,-1.6094379124341003,-0.00022034417354865698
543,Treatment,5,0.00013690753265244653,-1.6094379124341003,-0.00022034417354865698
105,tunneling,5,0.00013690753265244653,-1.6094379124341003,-0.00022034417354865698
1306,On,5,0.00013690753265244653,-1.6094379124341003,-0.00022034417354865698
1235,differences,4,0.00010952602612195723,-1.3862943611198906,-0.00015183531240873914
41,common,4,0.00010952602612195723,-1.3862943611198906,-0.00015183531240873914
64,comparing,4,0.00010952602612195723,-1.3862943611198906,-0.00015183531240873914
45,middleboxes,4,0.00010952602612195723,-1.3862943611198906,-0.00015183531240873914
376,follow,4,0.00010952602612195723,-1.3862943611198906,-0.00015183531240873914
1413,Draft,4,0.00010952602612195723,-1.3862943611198906,-0.00015183531240873914
129,better,4,0.00010952602612195723,-1.3862943611198906,-0.00015183531240873914
1246,evidence,4,0.00010952602612195723,-1.3862943611198906,-0.00015183531240873914
1241,generated,4,0.00010952602612195723,-1.3862943611198906,-0.00015183531240873914
76,Control,4,0.00010952602612195723,-1.3862943611198906,-0.00015183531240873914
697,without,4,0.00010952602612195723,-1.3862943611198906,-0.00015183531240873914
101,performs,4,0.00010952602612195723,-1.3862943611198906,-0.00015183531240873914
661,mechanism,4,0.00010952602612195723,-1.3862943611198906,-0.00015183531240873914
384,investigate,4,0.00010952602612195723,-1.3862943611198906,-0.00015183531240873914
674,viable,4,0.00010952602612195723,-1.3862943611198906,-0.00015183531240873914
70,TLS,4,0.00010952602612195723,-1.3862943611198906,-0.00015183531240873914
53,service,4,0.00010952602612195723,-1.3862943611198906,-0.00015183531240873914
98,their,4,0.00010952602612195723,-1.3862943611198906,-0.00015183531240873914
1409,answer,4,0.00010952602612195723,-1.3862943611198906,-0.00015183531240873914
36,window,4,0.00010952602612195723,-1.3862943611198906,-0.00015183531240873914
39,capabilities,4,0.00010952602612195723,-1.3862943611198906,-0.00015183531240873914
397,rare,4,0.00010952602612195723,-1.3862943611198906,-0.00015183531240873914
127,bound,4,0.00010952602612195723,-1.3862943611198906,-0.00015183531240873914
1348,main,4,0.00010952602612195723,-1.3862943611198906,-0.00015183531240873914
643,America,4,0.00010952602612195723,-1.3862943611198906,-0.00015183531240873914
134,ease,4,0.00010952602612195723,-1.3862943611198906,-0.00015183531240873914
133,Google,4,0.00010952602612195723,-1.3862943611198906,-0.00015183531240873914
915,code,4,0.00010952602612195723,-1.3862943611198906,-0.00015183531240873914
917,mami,4,0.00010952602612195723,-1.3862943611198906,-0.00015183531240873914
199,paper,4,0.00010952602612195723,-1.3862943611198906,-0.00015183531240873914
1467,study,4,0.00010952602612195723,-1.3862943611198906,-0.00015183531240873914
934,blocked,4,0.00010952602612195723,-1.3862943611198906,-0.00015183531240873914
1123,metric,4,0.00010952602612195723,-1.3862943611198906,-0.00015183531240873914
290,actual,4,0.00010952602612195723,-1.3862943611198906,-0.00015183531240873914
1103,policies,4,0.00010952602612195723,-1.3862943611198906,-0.00015183531240873914
1475,bycontinentsandcountries,4,0.00010952602612195723,-1.3862943611198906,-0.00015183531240873914
537,once,4,0.00010952602612195723,-1.3862943611198906,-0.00015183531240873914
956,plete,4,0.00010952602612195723,-1.3862943611198906,-0.00015183531240873914
530,tested,4,0.00010952602612195723,-1.3862943611198906,-0.00015183531240873914
973,made,4,0.00010952602612195723,-1.3862943611198906,-0.00015183531240873914
235,draft,4,0.00010952602612195723,-1.3862943611198906,-0.00015183531240873914
1045,End,4,0.00010952602612195723,-1.3862943611198906,-0.00015183531240873914
1032,similar,4,0.00010952602612195723,-1.3862943611198906,-0.00015183531240873914
1021,respec,4,0.00010952602612195723,-1.3862943611198906,-0.00015183531240873914
244,timeout,4,0.00010952602612195723,-1.3862943611198906,-0.00015183531240873914
998,received,4,0.00010952602612195723,-1.3862943611198906,-0.00015183531240873914
1019,An,4,0.00010952602612195723,-1.3862943611198906,-0.00015183531240873914
1154,implement,4,0.00010952602612195723,-1.3862943611198906,-0.00015183531240873914
1157,anisms,4,0.00010952602612195723,-1.3862943611198906,-0.00015183531240873914
905,state,4,0.00010952602612195723,-1.3862943611198906,-0.00015183531240873914
1458,certain,4,0.00010952602612195723,-1.3862943611198906,-0.00015183531240873914
150,envi,4,0.00010952602612195723,-1.3862943611198906,-0.00015183531240873914
434,develop,4,0.00010952602612195723,-1.3862943611198906,-0.00015183531240873914
183,ning,4,0.00010952602612195723,-1.3862943611198906,-0.00015183531240873914
842,Eyeballs,4,0.00010952602612195723,-1.3862943611198906,-0.00015183531240873914
353,Progress,4,0.00010952602612195723,-1.3862943611198906,-0.00015183531240873914
1171,Positive,4,0.00010952602612195723,-1.3862943611198906,-0.00015183531240873914
814,outer,4,0.00010952602612195723,-1.3862943611198906,-0.00015183531240873914
859,larger,4,0.00010952602612195723,-1.3862943611198906,-0.00015183531240873914
1165,NAT,4,0.00010952602612195723,-1.3862943611198906,-0.00015183531240873914
330,Handley,4,0.00010952602612195723,-1.3862943611198906,-0.00015183531240873914
329,Happy,4,0.00010952602612195723,-1.3862943611198906,-0.00015183531240873914
1159,Trammell,4,0.00010952602612195723,-1.3862943611198906,-0.00015183531240873914
796,demonstrate,4,0.00010952602612195723,-1.3862943611198906,-0.00015183531240873914
369,reference,4,0.00010952602612195723,-1.3862943611198906,-0.00015183531240873914
332,user,4,0.00010952602612195723,-1.3862943611198906,-0.00015183531240873914
351,relatively,4,0.00010952602612195723,-1.3862943611198906,-0.00015183531240873914
583,proaches,3,8.214451959146792e-05,-1.0986122886681098,-9.024497866992495e-05
521,pool,3,8.214451959146792e-05,-1.0986122886681098,-9.024497866992495e-05
582,High,3,8.214451959146792e-05,-1.0986122886681098,-9.024497866992495e-05
1398,mechanisms,3,8.214451959146792e-05,-1.0986122886681098,-9.024497866992495e-05
585,device,3,8.214451959146792e-05,-1.0986122886681098,-9.024497866992495e-05
1479,basis,3,8.214451959146792e-05,-1.0986122886681098,-9.024497866992495e-05
1459,stands,3,8.214451959146792e-05,-1.0986122886681098,-9.024497866992495e-05
526,dynamic,3,8.214451959146792e-05,-1.0986122886681098,-9.024497866992495e-05
533,channel,3,8.214451959146792e-05,-1.0986122886681098,-9.024497866992495e-05
600,achieve,3,8.214451959146792e-05,-1.0986122886681098,-9.024497866992495e-05
538,Therefore,3,8.214451959146792e-05,-1.0986122886681098,-9.024497866992495e-05
1474,methodology,3,8.214451959146792e-05,-1.0986122886681098,-9.024497866992495e-05
611,CDF,3,8.214451959146792e-05,-1.0986122886681098,-9.024497866992495e-05
1415,vast,3,8.214451959146792e-05,-1.0986122886681098,-9.024497866992495e-05
623,org,3,8.214451959146792e-05,-1.0986122886681098,-9.024497866992495e-05
558,working,3,8.214451959146792e-05,-1.0986122886681098,-9.024497866992495e-05
622,whether,3,8.214451959146792e-05,-1.0986122886681098,-9.024497866992495e-05
1478,Multipath,3,8.214451959146792e-05,-1.0986122886681098,-9.024497866992495e-05
579,PLUS,3,8.214451959146792e-05,-1.0986122886681098,-9.024497866992495e-05
771,follows,3,8.214451959146792e-05,-1.0986122886681098,-9.024497866992495e-05
1370,shape,3,8.214451959146792e-05,-1.0986122886681098,-9.024497866992495e-05
1199,variety,3,8.214451959146792e-05,-1.0986122886681098,-9.024497866992495e-05
1188,Connectivity,3,8.214451959146792e-05,-1.0986122886681098,-9.024497866992495e-05
1173,terms,3,8.214451959146792e-05,-1.0986122886681098,-9.024497866992495e-05
1160,respect,3,8.214451959146792e-05,-1.0986122886681098,-9.024497866992495e-05
869,thus,3,8.214451959146792e-05,-1.0986122886681098,-9.024497866992495e-05
1156,split,3,8.214451959146792e-05,-1.0986122886681098,-9.024497866992495e-05
890,ossification,3,8.214451959146792e-05,-1.0986122886681098,-9.024497866992495e-05
897,Paxson,3,8.214451959146792e-05,-1.0986122886681098,-9.024497866992495e-05
1128,options,3,8.214451959146792e-05,-1.0986122886681098,-9.024497866992495e-05
927,some,3,8.214451959146792e-05,-1.0986122886681098,-9.024497866992495e-05
1125,uling,3,8.214451959146792e-05,-1.0986122886681098,-9.024497866992495e-05
1116,majority,3,8.214451959146792e-05,-1.0986122886681098,-9.024497866992495e-05
1113,WebRTC,3,8.214451959146792e-05,-1.0986122886681098,-9.024497866992495e-05
943,cases,3,8.214451959146792e-05,-1.0986122886681098,-9.024497866992495e-05
1100,would,3,8.214451959146792e-05,-1.0986122886681098,-9.024497866992495e-05
951,possible,3,8.214451959146792e-05,-1.0986122886681098,-9.024497866992495e-05
1099,given,3,8.214451959146792e-05,-1.0986122886681098,-9.024497866992495e-05
1077,China,3,8.214451959146792e-05,-1.0986122886681098,-9.024497866992495e-05
1071,find,3,8.214451959146792e-05,-1.0986122886681098,-9.024497866992495e-05
1065,While,3,8.214451959146792e-05,-1.0986122886681098,-9.024497866992495e-05
962,wide,3,8.214451959146792e-05,-1.0986122886681098,-9.024497866992495e-05
976,fully,3,8.214451959146792e-05,-1.0986122886681098,-9.024497866992495e-05
981,sched,3,8.214451959146792e-05,-1.0986122886681098,-9.024497866992495e-05
988,design,3,8.214451959146792e-05,-1.0986122886681098,-9.024497866992495e-05
1018,evolution,3,8.214451959146792e-05,-1.0986122886681098,-9.024497866992495e-05
1006,need,3,8.214451959146792e-05,-1.0986122886681098,-9.024497866992495e-05
1009,failed,3,8.214451959146792e-05,-1.0986122886681098,-9.024497866992495e-05
1201,impact,3,8.214451959146792e-05,-1.0986122886681098,-9.024497866992495e-05
1377,payload,3,8.214451959146792e-05,-1.0986122886681098,-9.024497866992495e-05
1208,binding,3,8.214451959146792e-05,-1.0986122886681098,-9.024497866992495e-05
813,presented,3,8.214451959146792e-05,-1.0986122886681098,-9.024497866992495e-05
1364,problems,3,8.214451959146792e-05,-1.0986122886681098,-9.024497866992495e-05
1354,more,3,8.214451959146792e-05,-1.0986122886681098,-9.024497866992495e-05
1346,found,3,8.214451959146792e-05,-1.0986122886681098,-9.024497866992495e-05
1331,Raiciu,3,8.214451959146792e-05,-1.0986122886681098,-9.024497866992495e-05
1324,null,3,8.214451959146792e-05,-1.0986122886681098,-9.024497866992495e-05
1312,Datagram,3,8.214451959146792e-05,-1.0986122886681098,-9.024497866992495e-05
706,Floyd,3,8.214451959146792e-05,-1.0986122886681098,-9.024497866992495e-05
708,key,3,8.214451959146792e-05,-1.0986122886681098,-9.024497866992495e-05
712,Throughput,3,8.214451959146792e-05,-1.0986122886681098,-9.024497866992495e-05
1297,github,3,8.214451959146792e-05,-1.0986122886681098,-9.024497866992495e-05
1290,eu,3,8.214451959146792e-05,-1.0986122886681098,-9.024497866992495e-05
1281,select,3,8.214451959146792e-05,-1.0986122886681098,-9.024497866992495e-05
1277,Asia,3,8.214451959146792e-05,-1.0986122886681098,-9.024497866992495e-05
736,deploying,3,8.214451959146792e-05,-1.0986122886681098,-9.024497866992495e-05
1269,copies,3,8.214451959146792e-05,-1.0986122886681098,-9.024497866992495e-05
738,limiting,3,8.214451959146792e-05,-1.0986122886681098,-9.024497866992495e-05
1267,Kühlewind,3,8.214451959146792e-05,-1.0986122886681098,-9.024497866992495e-05
756,applications,3,8.214451959146792e-05,-1.0986122886681098,-9.024497866992495e-05
1264,make,3,8.214451959146792e-05,-1.0986122886681098,-9.024497866992495e-05
1243,vs,3,8.214451959146792e-05,-1.0986122886681098,-9.024497866992495e-05
777,North,3,8.214451959146792e-05,-1.0986122886681098,-9.024497866992495e-05
1219,create,3,8.214451959146792e-05,-1.0986122886681098,-9.024497866992495e-05
800,either,3,8.214451959146792e-05,-1.0986122886681098,-9.024497866992495e-05
801,might,3,8.214451959146792e-05,-1.0986122886681098,-9.024497866992495e-05
1212,facing,3,8.214451959146792e-05,-1.0986122886681098,-9.024497866992495e-05
1210,lines,3,8.214451959146792e-05,-1.0986122886681098,-9.024497866992495e-05
808,limited,3,8.214451959146792e-05,-1.0986122886681098,-9.024497866992495e-05
819,enough,3,8.214451959146792e-05,-1.0986122886681098,-9.024497866992495e-05
502,windows,3,8.214451959146792e-05,-1.0986122886681098,-9.024497866992495e-05
745,runs,3,8.214451959146792e-05,-1.0986122886681098,-9.024497866992495e-05
29,complete,3,8.214451959146792e-05,-1.0986122886681098,-9.024497866992495e-05
382,simple,3,8.214451959146792e-05,-1.0986122886681098,-9.024497866992495e-05
350,ensure,3,8.214451959146792e-05,-1.0986122886681098,-9.024497866992495e-05
210,permission,3,8.214451959146792e-05,-1.0986122886681098,-9.024497866992495e-05
386,attempt,3,8.214451959146792e-05,-1.0986122886681098,-9.024497866992495e-05
477,favor,3,8.214451959146792e-05,-1.0986122886681098,-9.024497866992495e-05
390,avoid,3,8.214451959146792e-05,-1.0986122886681098,-9.024497866992495e-05
123,minimum,3,8.214451959146792e-05,-1.0986122886681098,-9.024497866992495e-05
282,connections,3,8.214451959146792e-05,-1.0986122886681098,-9.024497866992495e-05
136,way,3,8.214451959146792e-05,-1.0986122886681098,-9.024497866992495e-05
239,understand,3,8.214451959146792e-05,-1.0986122886681098,-9.024497866992495e-05
180,across,3,8.214451959146792e-05,-1.0986122886681098,-9.024497866992495e-05
404,direct,3,8.214451959146792e-05,-1.0986122886681098,-9.024497866992495e-05
90,address,3,8.214451959146792e-05,-1.0986122886681098,-9.024497866992495e-05
89,Path,3,8.214451959146792e-05,-1.0986122886681098,-9.024497866992495e-05
40,minutes,3,8.214451959146792e-05,-1.0986122886681098,-9.024497866992495e-05
205,exist,3,8.214451959146792e-05,-1.0986122886681098,-9.024497866992495e-05
50,computed,3,8.214451959146792e-05,-1.0986122886681098,-9.024497866992495e-05
275,environment,3,8.214451959146792e-05,-1.0986122886681098,-9.024497866992495e-05
313,generic,3,8.214451959146792e-05,-1.0986122886681098,-9.024497866992495e-05
131,blue,3,8.214451959146792e-05,-1.0986122886681098,-9.024497866992495e-05
254,early,3,8.214451959146792e-05,-1.0986122886681098,-9.024497866992495e-05
312,discuss,3,8.214451959146792e-05,-1.0986122886681098,-9.024497866992495e-05
259,usage,3,8.214451959146792e-05,-1.0986122886681098,-9.024497866992495e-05
126,when,3,8.214451959146792e-05,-1.0986122886681098,-9.024497866992495e-05
63,them,3,8.214451959146792e-05,-1.0986122886681098,-9.024497866992495e-05
119,lack,3,8.214451959146792e-05,-1.0986122886681098,-9.024497866992495e-05
262,regular,3,8.214451959146792e-05,-1.0986122886681098,-9.024497866992495e-05
232,SIGCOMM,3,8.214451959146792e-05,-1.0986122886681098,-9.024497866992495e-05
170,even,3,8.214451959146792e-05,-1.0986122886681098,-9.024497866992495e-05
311,socket,3,8.214451959146792e-05,-1.0986122886681098,-9.024497866992495e-05
323,will,3,8.214451959146792e-05,-1.0986122886681098,-9.024497866992495e-05
116,order,3,8.214451959146792e-05,-1.0986122886681098,-9.024497866992495e-05
362,toward,3,8.214451959146792e-05,-1.0986122886681098,-9.024497866992495e-05
166,table,3,8.214451959146792e-05,-1.0986122886681098,-9.024497866992495e-05
361,general,3,8.214451959146792e-05,-1.0986122886681098,-9.024497866992495e-05
416,therefore,2,5.476301306097861e-05,-0.6931471805599453,-3.7958828102184784e-05
274,testbed,2,5.476301306097861e-05,-0.6931471805599453,-3.7958828102184784e-05
696,Research,2,5.476301306097861e-05,-0.6931471805599453,-3.7958828102184784e-05
913,encapsulate,2,5.476301306097861e-05,-0.6931471805599453,-3.7958828102184784e-05
979,baseline,2,5.476301306097861e-05,-0.6931471805599453,-3.7958828102184784e-05
82,global,2,5.476301306097861e-05,-0.6931471805599453,-3.7958828102184784e-05
300,aims,2,5.476301306097861e-05,-0.6931471805599453,-3.7958828102184784e-05
797,sockets,2,5.476301306097861e-05,-0.6931471805599453,-3.7958828102184784e-05
1152,Node,2,5.476301306097861e-05,-0.6931471805599453,-3.7958828102184784e-05
883,performances,2,5.476301306097861e-05,-0.6931471805599453,-3.7958828102184784e-05
83,generates,2,5.476301306097861e-05,-0.6931471805599453,-3.7958828102184784e-05
832,peer,2,5.476301306097861e-05,-0.6931471805599453,-3.7958828102184784e-05
278,novel,2,5.476301306097861e-05,-0.6931471805599453,-3.7958828102184784e-05
365,traces,2,5.476301306097861e-05,-0.6931471805599453,-3.7958828102184784e-05
833,disadvantaged,2,5.476301306097861e-05,-0.6931471805599453,-3.7958828102184784e-05
1337,detect,2,5.476301306097861e-05,-0.6931471805599453,-3.7958828102184784e-05
412,require,2,5.476301306097861e-05,-0.6931471805599453,-3.7958828102184784e-05
1336,opposed,2,5.476301306097861e-05,-0.6931471805599453,-3.7958828102184784e-05
707,denial,2,5.476301306097861e-05,-0.6931471805599453,-3.7958828102184784e-05
1248,absolute,2,5.476301306097861e-05,-0.6931471805599453,-3.7958828102184784e-05
709,parallel,2,5.476301306097861e-05,-0.6931471805599453,-3.7958828102184784e-05
1334,Group,2,5.476301306097861e-05,-0.6931471805599453,-3.7958828102184784e-05
795,wild,2,5.476301306097861e-05,-0.6931471805599453,-3.7958828102184784e-05
1155,South,2,5.476301306097861e-05,-0.6931471805599453,-3.7958828102184784e-05
86,Donnet,2,5.476301306097861e-05,-0.6931471805599453,-3.7958828102184784e-05
713,Tuexen,2,5.476301306097861e-05,-0.6931471805599453,-3.7958828102184784e-05
714,Belgium,2,5.476301306097861e-05,-0.6931471805599453,-3.7958828102184784e-05
972,concurrent,2,5.476301306097861e-05,-0.6931471805599453,-3.7958828102184784e-05
912,page,2,5.476301306097861e-05,-0.6931471805599453,-3.7958828102184784e-05
919,ietf,2,5.476301306097861e-05,-0.6931471805599453,-3.7958828102184784e-05
969,Latency,2,5.476301306097861e-05,-0.6931471805599453,-3.7958828102184784e-05
304,towards,2,5.476301306097861e-05,-0.6931471805599453,-3.7958828102184784e-05
992,RTTudp,2,5.476301306097861e-05,-0.6931471805599453,-3.7958828102184784e-05
839,DTLS,2,5.476301306097861e-05,-0.6931471805599453,-3.7958828102184784e-05
1365,itself,2,5.476301306097861e-05,-0.6931471805599453,-3.7958828102184784e-05
68,Bruno,2,5.476301306097861e-05,-0.6931471805599453,-3.7958828102184784e-05
838,extreme,2,5.476301306097861e-05,-0.6931471805599453,-3.7958828102184784e-05
670,solution,2,5.476301306097861e-05,-0.6931471805599453,-3.7958828102184784e-05
671,handled,2,5.476301306097861e-05,-0.6931471805599453,-3.7958828102184784e-05
926,Transmission,2,5.476301306097861e-05,-0.6931471805599453,-3.7958828102184784e-05
1362,Melia,2,5.476301306097861e-05,-0.6931471805599453,-3.7958828102184784e-05
989,advocate,2,5.476301306097861e-05,-0.6931471805599453,-3.7958828102184784e-05
911,approaches,2,5.476301306097861e-05,-0.6931471805599453,-3.7958828102184784e-05
1359,idle,2,5.476301306097861e-05,-0.6931471805599453,-3.7958828102184784e-05
676,deployed,2,5.476301306097861e-05,-0.6931471805599453,-3.7958828102184784e-05
987,raw,2,5.476301306097861e-05,-0.6931471805599453,-3.7958828102184784e-05
678,overhead,2,5.476301306097861e-05,-0.6931471805599453,-3.7958828102184784e-05
421,firewall,2,5.476301306097861e-05,-0.6931471805599453,-3.7958828102184784e-05
1357,introduced,2,5.476301306097861e-05,-0.6931471805599453,-3.7958828102184784e-05
681,details,2,5.476301306097861e-05,-0.6931471805599453,-3.7958828102184784e-05
71,overview,2,5.476301306097861e-05,-0.6931471805599453,-3.7958828102184784e-05
1270,before,2,5.476301306097861e-05,-0.6931471805599453,-3.7958828102184784e-05
683,Substrate,2,5.476301306097861e-05,-0.6931471805599453,-3.7958828102184784e-05
1245,shaped,2,5.476301306097861e-05,-0.6931471805599453,-3.7958828102184784e-05
985,identified,2,5.476301306097861e-05,-0.6931471805599453,-3.7958828102184784e-05
984,digital,2,5.476301306097861e-05,-0.6931471805599453,-3.7958828102184784e-05
799,quic,2,5.476301306097861e-05,-0.6931471805599453,-3.7958828102184784e-05
342,research,2,5.476301306097861e-05,-0.6931471805599453,-3.7958828102184784e-05
78,obtain,2,5.476301306097861e-05,-0.6931471805599453,-3.7958828102184784e-05
109,throuдhputtcp,2,5.476301306097861e-05,-0.6931471805599453,-3.7958828102184784e-05
968,instance,2,5.476301306097861e-05,-0.6931471805599453,-3.7958828102184784e-05
811,shows,2,5.476301306097861e-05,-0.6931471805599453,-3.7958828102184784e-05
1305,amount,2,5.476301306097861e-05,-0.6931471805599453,-3.7958828102184784e-05
1166,Iyengar,2,5.476301306097861e-05,-0.6931471805599453,-3.7958828102184784e-05
753,aspects,2,5.476301306097861e-05,-0.6931471805599453,-3.7958828102184784e-05
100,Stream,2,5.476301306097861e-05,-0.6931471805599453,-3.7958828102184784e-05
1189,tuples,2,5.476301306097861e-05,-0.6931471805599453,-3.7958828102184784e-05
1253,bandwidth,2,5.476301306097861e-05,-0.6931471805599453,-3.7958828102184784e-05
1254,Swett,2,5.476301306097861e-05,-0.6931471805599453,-3.7958828102184784e-05
163,mostly,2,5.476301306097861e-05,-0.6931471805599453,-3.7958828102184784e-05
1279,throuдhputudp,2,5.476301306097861e-05,-0.6931471805599453,-3.7958828102184784e-05
1260,positive,2,5.476301306097861e-05,-0.6931471805599453,-3.7958828102184784e-05
1170,representative,2,5.476301306097861e-05,-0.6931471805599453,-3.7958828102184784e-05
385,restrictions,2,5.476301306097861e-05,-0.6931471805599453,-3.7958828102184784e-05
918,Experimental,2,5.476301306097861e-05,-0.6931471805599453,-3.7958828102184784e-05
946,total,2,5.476301306097861e-05,-0.6931471805599453,-3.7958828102184784e-05
945,ubiquitous,2,5.476301306097861e-05,-0.6931471805599453,-3.7958828102184784e-05
1294,lessons,2,5.476301306097861e-05,-0.6931471805599453,-3.7958828102184784e-05
292,One,2,5.476301306097861e-05,-0.6931471805599453,-3.7958828102184784e-05
112,endpoint,2,5.476301306097861e-05,-0.6931471805599453,-3.7958828102184784e-05
355,development,2,5.476301306097861e-05,-0.6931471805599453,-3.7958828102184784e-05
352,reliability,2,5.476301306097861e-05,-0.6931471805599453,-3.7958828102184784e-05
769,dependency,2,5.476301306097861e-05,-0.6931471805599453,-3.7958828102184784e-05
1174,running,2,5.476301306097861e-05,-0.6931471805599453,-3.7958828102184784e-05
818,feature,2,5.476301306097861e-05,-0.6931471805599453,-3.7958828102184784e-05
939,Networks,2,5.476301306097861e-05,-0.6931471805599453,-3.7958828102184784e-05
122,succeeded,2,5.476301306097861e-05,-0.6931471805599453,-3.7958828102184784e-05
774,fee,2,5.476301306097861e-05,-0.6931471805599453,-3.7958828102184784e-05
775,comparison,2,5.476301306097861e-05,-0.6931471805599453,-3.7958828102184784e-05
374,creates,2,5.476301306097861e-05,-0.6931471805599453,-3.7958828102184784e-05
120,format,2,5.476301306097861e-05,-0.6931471805599453,-3.7958828102184784e-05
347,suitable,2,5.476301306097861e-05,-0.6931471805599453,-3.7958828102184784e-05
186,worked,2,5.476301306097861e-05,-0.6931471805599453,-3.7958828102184784e-05
1307,conclude,2,5.476301306097861e-05,-0.6931471805599453,-3.7958828102184784e-05
113,Relative,2,5.476301306097861e-05,-0.6931471805599453,-3.7958828102184784e-05
793,percentage,2,5.476301306097861e-05,-0.6931471805599453,-3.7958828102184784e-05
184,European,2,5.476301306097861e-05,-0.6931471805599453,-3.7958828102184784e-05
965,Transfer,2,5.476301306097861e-05,-0.6931471805599453,-3.7958828102184784e-05
1193,minimize,2,5.476301306097861e-05,-0.6931471805599453,-3.7958828102184784e-05
95,grant,2,5.476301306097861e-05,-0.6931471805599453,-3.7958828102184784e-05
182,entire,2,5.476301306097861e-05,-0.6931471805599453,-3.7958828102184784e-05
169,Korian,2,5.476301306097861e-05,-0.6931471805599453,-3.7958828102184784e-05
279,dual,2,5.476301306097861e-05,-0.6931471805599453,-3.7958828102184784e-05
1274,transfers,2,5.476301306097861e-05,-0.6931471805599453,-3.7958828102184784e-05
790,freely,2,5.476301306097861e-05,-0.6931471805599453,-3.7958828102184784e-05
789,stateless,2,5.476301306097861e-05,-0.6931471805599453,-3.7958828102184784e-05
1319,formed,2,5.476301306097861e-05,-0.6931471805599453,-3.7958828102184784e-05
1318,www,2,5.476301306097861e-05,-0.6931471805599453,-3.7958828102184784e-05
261,lost,2,5.476301306097861e-05,-0.6931471805599453,-3.7958828102184784e-05
960,throughputbias,2,5.476301306097861e-05,-0.6931471805599453,-3.7958828102184784e-05
395,slightly,2,5.476301306097861e-05,-0.6931471805599453,-3.7958828102184784e-05
1316,Leong,2,5.476301306097861e-05,-0.6931471805599453,-3.7958828102184784e-05
394,having,2,5.476301306097861e-05,-0.6931471805599453,-3.7958828102184784e-05
734,they,2,5.476301306097861e-05,-0.6931471805599453,-3.7958828102184784e-05
735,adapt,2,5.476301306097861e-05,-0.6931471805599453,-3.7958828102184784e-05
930,simulation,2,5.476301306097861e-05,-0.6931471805599453,-3.7958828102184784e-05
1314,lected,2,5.476301306097861e-05,-0.6931471805599453,-3.7958828102184784e-05
1161,mode,2,5.476301306097861e-05,-0.6931471805599453,-3.7958828102184784e-05
1183,compared,2,5.476301306097861e-05,-0.6931471805599453,-3.7958828102184784e-05
741,second,2,5.476301306097861e-05,-0.6931471805599453,-3.7958828102184784e-05
742,Tool,2,5.476301306097861e-05,-0.6931471805599453,-3.7958828102184784e-05
1310,learned,2,5.476301306097861e-05,-0.6931471805599453,-3.7958828102184784e-05
744,hard,2,5.476301306097861e-05,-0.6931471805599453,-3.7958828102184784e-05
1309,Computer,2,5.476301306097861e-05,-0.6931471805599453,-3.7958828102184784e-05
955,must,2,5.476301306097861e-05,-0.6931471805599453,-3.7958828102184784e-05
884,single,2,5.476301306097861e-05,-0.6931471805599453,-3.7958828102184784e-05
654,files,2,5.476301306097861e-05,-0.6931471805599453,-3.7958828102184784e-05
1372,Brian,2,5.476301306097861e-05,-0.6931471805599453,-3.7958828102184784e-05
212,terrestrial,2,5.476301306097861e-05,-0.6931471805599453,-3.7958828102184784e-05
867,behavior,2,5.476301306097861e-05,-0.6931471805599453,-3.7958828102184784e-05
23,except,2,5.476301306097861e-05,-0.6931471805599453,-3.7958828102184784e-05
545,Montefiore,2,5.476301306097861e-05,-0.6931471805599453,-3.7958828102184784e-05
1454,often,2,5.476301306097861e-05,-0.6931471805599453,-3.7958828102184784e-05
24,contrast,2,5.476301306097861e-05,-0.6931471805599453,-3.7958828102184784e-05
1452,Computing,2,5.476301306097861e-05,-0.6931471805599453,-3.7958828102184784e-05
1451,analysis,2,5.476301306097861e-05,-0.6931471805599453,-3.7958828102184784e-05
551,geographic,2,5.476301306097861e-05,-0.6931471805599453,-3.7958828102184784e-05
553,factor,2,5.476301306097861e-05,-0.6931471805599453,-3.7958828102184784e-05
1448,Using,2,5.476301306097861e-05,-0.6931471805599453,-3.7958828102184784e-05
1200,Hätönen,2,5.476301306097861e-05,-0.6931471805599453,-3.7958828102184784e-05
26,Mirja,2,5.476301306097861e-05,-0.6931471805599453,-3.7958828102184784e-05
1444,employed,2,5.476301306097861e-05,-0.6931471805599453,-3.7958828102184784e-05
1052,NAEUASOservers,2,5.476301306097861e-05,-0.6931471805599453,-3.7958828102184784e-05
560,Netalyzr,2,5.476301306097861e-05,-0.6931471805599453,-3.7958828102184784e-05
562,Networking,2,5.476301306097861e-05,-0.6931471805599453,-3.7958828102184784e-05
1105,Systems,2,5.476301306097861e-05,-0.6931471805599453,-3.7958828102184784e-05
331,regions,2,5.476301306097861e-05,-0.6931471805599453,-3.7958828102184784e-05
565,spectively,2,5.476301306097861e-05,-0.6931471805599453,-3.7958828102184784e-05
1107,web,2,5.476301306097861e-05,-0.6931471805599453,-3.7958828102184784e-05
862,otherwise,2,5.476301306097861e-05,-0.6931471805599453,-3.7958828102184784e-05
1109,sequentially,2,5.476301306097861e-05,-0.6931471805599453,-3.7958828102184784e-05
1040,campaign,2,5.476301306097861e-05,-0.6931471805599453,-3.7958828102184784e-05
27,Ford,2,5.476301306097861e-05,-0.6931471805599453,-3.7958828102184784e-05
1110,open,2,5.476301306097861e-05,-0.6931471805599453,-3.7958828102184784e-05
1111,Qian,2,5.476301306097861e-05,-0.6931471805599453,-3.7958828102184784e-05
340,among,2,5.476301306097861e-05,-0.6931471805599453,-3.7958828102184784e-05
899,version,2,5.476301306097861e-05,-0.6931471805599453,-3.7958828102184784e-05
575,were,2,5.476301306097861e-05,-0.6931471805599453,-3.7958828102184784e-05
561,because,2,5.476301306097861e-05,-0.6931471805599453,-3.7958828102184784e-05
1053,Study,2,5.476301306097861e-05,-0.6931471805599453,-3.7958828102184784e-05
539,Liège,2,5.476301306097861e-05,-0.6931471805599453,-3.7958828102184784e-05
482,additional,2,5.476301306097861e-05,-0.6931471805599453,-3.7958828102184784e-05
886,DCCP,2,5.476301306097861e-05,-0.6931471805599453,-3.7958828102184784e-05
501,Recent,2,5.476301306097861e-05,-0.6931471805599453,-3.7958828102184784e-05
880,plus,2,5.476301306097861e-05,-0.6931471805599453,-3.7958828102184784e-05
496,encountered,2,5.476301306097861e-05,-0.6931471805599453,-3.7958828102184784e-05
505,limitation,2,5.476301306097861e-05,-0.6931471805599453,-3.7958828102184784e-05
888,compares,2,5.476301306097861e-05,-0.6931471805599453,-3.7958828102184784e-05
319,uses,2,5.476301306097861e-05,-0.6931471805599453,-3.7958828102184784e-05
1207,writing,2,5.476301306097861e-05,-0.6931471805599453,-3.7958828102184784e-05
142,what,2,5.476301306097861e-05,-0.6931471805599453,-3.7958828102184784e-05
512,NATs,2,5.476301306097861e-05,-0.6931471805599453,-3.7958828102184784e-05
1480,NAEUASOclients,2,5.476301306097861e-05,-0.6931471805599453,-3.7958828102184784e-05
8,which,2,5.476301306097861e-05,-0.6931471805599453,-3.7958828102184784e-05
9,inside,2,5.476301306097861e-05,-0.6931471805599453,-3.7958828102184784e-05
1091,unimpaired,2,5.476301306097861e-05,-0.6931471805599453,-3.7958828102184784e-05
1476,alternative,2,5.476301306097861e-05,-0.6931471805599453,-3.7958828102184784e-05
1066,top,2,5.476301306097861e-05,-0.6931471805599453,-3.7958828102184784e-05
152,Sarma,2,5.476301306097861e-05,-0.6931471805599453,-3.7958828102184784e-05
484,considering,2,5.476301306097861e-05,-0.6931471805599453,-3.7958828102184784e-05
1054,summary,2,5.476301306097861e-05,-0.6931471805599453,-3.7958828102184784e-05
16,Hypertext,2,5.476301306097861e-05,-0.6931471805599453,-3.7958828102184784e-05
326,connecting,2,5.476301306097861e-05,-0.6931471805599453,-3.7958828102184784e-05
1056,look,2,5.476301306097861e-05,-0.6931471805599453,-3.7958828102184784e-05
486,Applied,2,5.476301306097861e-05,-0.6931471805599453,-3.7958828102184784e-05
1432,Workshop,2,5.476301306097861e-05,-0.6931471805599453,-3.7958828102184784e-05
231,existing,2,5.476301306097861e-05,-0.6931471805599453,-3.7958828102184784e-05
527,permissions,2,5.476301306097861e-05,-0.6931471805599453,-3.7958828102184784e-05
488,actors,2,5.476301306097861e-05,-0.6931471805599453,-3.7958828102184784e-05
1470,reliable,2,5.476301306097861e-05,-0.6931471805599453,-3.7958828102184784e-05
1093,allows,2,5.476301306097861e-05,-0.6931471805599453,-3.7958828102184784e-05
1064,questions,2,5.476301306097861e-05,-0.6931471805599453,-3.7958828102184784e-05
1473,delay,2,5.476301306097861e-05,-0.6931471805599453,-3.7958828102184784e-05
140,difficult,2,5.476301306097861e-05,-0.6931471805599453,-3.7958828102184784e-05
469,ETH,2,5.476301306097861e-05,-0.6931471805599453,-3.7958828102184784e-05
237,Security,2,5.476301306097861e-05,-0.6931471805599453,-3.7958828102184784e-05
580,devices,2,5.476301306097861e-05,-0.6931471805599453,-3.7958828102184784e-05
1124,sends,2,5.476301306097861e-05,-0.6931471805599453,-3.7958828102184784e-05
619,next,2,5.476301306097861e-05,-0.6931471805599453,-3.7958828102184784e-05
1016,focused,2,5.476301306097861e-05,-0.6931471805599453,-3.7958828102184784e-05
854,edge,2,5.476301306097861e-05,-0.6931471805599453,-3.7958828102184784e-05
336,roughly,2,5.476301306097861e-05,-0.6931471805599453,-3.7958828102184784e-05
1397,restrictive,2,5.476301306097861e-05,-0.6931471805599453,-3.7958828102184784e-05
1396,least,2,5.476301306097861e-05,-0.6931471805599453,-3.7958828102184784e-05
56,Performance,2,5.476301306097861e-05,-0.6931471805599453,-3.7958828102184784e-05
630,off,2,5.476301306097861e-05,-0.6931471805599453,-3.7958828102184784e-05
442,simulators,2,5.476301306097861e-05,-0.6931471805599453,-3.7958828102184784e-05
849,slides,2,5.476301306097861e-05,-0.6931471805599453,-3.7958828102184784e-05
57,Based,2,5.476301306097861e-05,-0.6931471805599453,-3.7958828102184784e-05
58,All,2,5.476301306097861e-05,-0.6931471805599453,-3.7958828102184784e-05
1132,effort,2,5.476301306097861e-05,-0.6931471805599453,-3.7958828102184784e-05
639,note,2,5.476301306097861e-05,-0.6931471805599453,-3.7958828102184784e-05
909,tools,2,5.476301306097861e-05,-0.6931471805599453,-3.7958828102184784e-05
128,They,2,5.476301306097861e-05,-0.6931471805599453,-3.7958828102184784e-05
1373,Address,2,5.476301306097861e-05,-0.6931471805599453,-3.7958828102184784e-05
1242,many,2,5.476301306097861e-05,-0.6931471805599453,-3.7958828102184784e-05
657,Zurich,2,5.476301306097861e-05,-0.6931471805599453,-3.7958828102184784e-05
656,benefits,2,5.476301306097861e-05,-0.6931471805599453,-3.7958828102184784e-05
655,another,2,5.476301306097861e-05,-0.6931471805599453,-3.7958828102184784e-05
193,Axis,2,5.476301306097861e-05,-0.6931471805599453,-3.7958828102184784e-05
617,long,2,5.476301306097861e-05,-0.6931471805599453,-3.7958828102184784e-05
999,Reference,2,5.476301306097861e-05,-0.6931471805599453,-3.7958828102184784e-05
1001,userspace,2,5.476301306097861e-05,-0.6931471805599453,-3.7958828102184784e-05
646,Packet,2,5.476301306097861e-05,-0.6931471805599453,-3.7958828102184784e-05
1240,confirm,2,5.476301306097861e-05,-0.6931471805599453,-3.7958828102184784e-05
644,Institute,2,5.476301306097861e-05,-0.6931471805599453,-3.7958828102184784e-05
1383,utilize,2,5.476301306097861e-05,-0.6931471805599453,-3.7958828102184784e-05
642,continental,2,5.476301306097861e-05,-0.6931471805599453,-3.7958828102184784e-05
61,Oceania,2,5.476301306097861e-05,-0.6931471805599453,-3.7958828102184784e-05
449,IEEE,2,5.476301306097861e-05,-0.6931471805599453,-3.7958828102184784e-05
904,lower,2,5.476301306097861e-05,-0.6931471805599453,-3.7958828102184784e-05
204,program,2,5.476301306097861e-05,-0.6931471805599453,-3.7958828102184784e-05
614,explains,2,5.476301306097861e-05,-0.6931471805599453,-3.7958828102184784e-05
598,presence,2,5.476301306097861e-05,-0.6931471805599453,-3.7958828102184784e-05
1117,reduced,2,5.476301306097861e-05,-0.6931471805599453,-3.7958828102184784e-05
33,scheduling,2,5.476301306097861e-05,-0.6931471805599453,-3.7958828102184784e-05
1028,algorithm,2,5.476301306097861e-05,-0.6931471805599453,-3.7958828102184784e-05
459,Since,2,5.476301306097861e-05,-0.6931471805599453,-3.7958828102184784e-05
1029,straightforward,2,5.476301306097861e-05,-0.6931471805599453,-3.7958828102184784e-05
1417,Active,2,5.476301306097861e-05,-0.6931471805599453,-3.7958828102184784e-05
592,Pahdye,2,5.476301306097861e-05,-0.6931471805599453,-3.7958828102184784e-05
1423,msDOIPv4,2,5.476301306097861e-05,-0.6931471805599453,-3.7958828102184784e-05
589,Université,2,5.476301306097861e-05,-0.6931471805599453,-3.7958828102184784e-05
1424,notice,2,5.476301306097861e-05,-0.6931471805599453,-3.7958828102184784e-05
587,extensibil,2,5.476301306097861e-05,-0.6931471805599453,-3.7958828102184784e-05
1425,subtle,2,5.476301306097861e-05,-0.6931471805599453,-3.7958828102184784e-05
462,Dataset,2,5.476301306097861e-05,-0.6931471805599453,-3.7958828102184784e-05
1114,Xu,2,5.476301306097861e-05,-0.6931471805599453,-3.7958828102184784e-05
1030,Is,2,5.476301306097861e-05,-0.6931471805599453,-3.7958828102184784e-05
38,cated,2,5.476301306097861e-05,-0.6931471805599453,-3.7958828102184784e-05
305,Benoit,2,5.476301306097861e-05,-0.6931471805599453,-3.7958828102184784e-05
242,quite,2,5.476301306097861e-05,-0.6931471805599453,-3.7958828102184784e-05
1414,Switzerland,2,5.476301306097861e-05,-0.6931471805599453,-3.7958828102184784e-05
1026,dynamics,2,5.476301306097861e-05,-0.6931471805599453,-3.7958828102184784e-05
1118,mesh,2,5.476301306097861e-05,-0.6931471805599453,-3.7958828102184784e-05
453,never,2,5.476301306097861e-05,-0.6931471805599453,-3.7958828102184784e-05
158,RTTtcp,2,5.476301306097861e-05,-0.6931471805599453,-3.7958828102184784e-05
1408,share,2,5.476301306097861e-05,-0.6931471805599453,-3.7958828102184784e-05
1120,secDOIPv4,2,5.476301306097861e-05,-0.6931471805599453,-3.7958828102184784e-05
452,Communication,2,5.476301306097861e-05,-0.6931471805599453,-3.7958828102184784e-05
1205,session,1,2.7381506530489306e-05,0.0,0.0
157,Wang,1,2.7381506530489306e-05,0.0,0.0
1209,cellular,1,2.7381506530489306e-05,0.0,0.0
165,prevalence,1,2.7381506530489306e-05,0.0,0.0
161,Sources,1,2.7381506530489306e-05,0.0,0.0
156,primarily,1,2.7381506530489306e-05,0.0,0.0
162,doing,1,2.7381506530489306e-05,0.0,0.0
1191,Version,1,2.7381506530489306e-05,0.0,0.0
1192,unwanted,1,2.7381506530489306e-05,0.0,0.0
154,Look,1,2.7381506530489306e-05,0.0,0.0
1203,difficulty,1,2.7381506530489306e-05,0.0,0.0
155,needs,1,2.7381506530489306e-05,0.0,0.0
153,blocks,1,2.7381506530489306e-05,0.0,0.0
148,firewalls,1,2.7381506530489306e-05,0.0,0.0
1194,avoidance,1,2.7381506530489306e-05,0.0,0.0
499,Otherwise,1,2.7381506530489306e-05,0.0,0.0
1185,interfering,1,2.7381506530489306e-05,0.0,0.0
208,behaves,1,2.7381506530489306e-05,0.0,0.0
1108,requires,1,2.7381506530489306e-05,0.0,0.0
1112,upper,1,2.7381506530489306e-05,0.0,0.0
207,Külewind,1,2.7381506530489306e-05,0.0,0.0
1115,turn,1,2.7381506530489306e-05,0.0,0.0
206,opinions,1,2.7381506530489306e-05,0.0,0.0
1104,Here,1,2.7381506530489306e-05,0.0,0.0
1119,Loreto,1,2.7381506530489306e-05,0.0,0.0
203,encapsulated,1,2.7381506530489306e-05,0.0,0.0
1126,CONCLUSION,1,2.7381506530489306e-05,0.0,0.0
201,Congestion,1,2.7381506530489306e-05,0.0,0.0
200,simulates,1,2.7381506530489306e-05,0.0,0.0
1129,involves,1,2.7381506530489306e-05,0.0,0.0
1130,environments,1,2.7381506530489306e-05,0.0,0.0
1122,augment,1,2.7381506530489306e-05,0.0,0.0
209,post,1,2.7381506530489306e-05,0.0,0.0
1102,bear,1,2.7381506530489306e-05,0.0,0.0
211,Gerber,1,2.7381506530489306e-05,0.0,0.0
1082,natural,1,2.7381506530489306e-05,0.0,0.0
1083,EVOLUTION,1,2.7381506530489306e-05,0.0,0.0
214,INTERNET,1,2.7381506530489306e-05,0.0,0.0
213,evaluating,1,2.7381506530489306e-05,0.0,0.0
1086,makes,1,2.7381506530489306e-05,0.0,0.0
1087,queuing,1,2.7381506530489306e-05,0.0,0.0
1088,libpcap,1,2.7381506530489306e-05,0.0,0.0
1089,transmission,1,2.7381506530489306e-05,0.0,0.0
1090,innovation,1,2.7381506530489306e-05,0.0,0.0
1092,severely,1,2.7381506530489306e-05,0.0,0.0
1094,switching,1,2.7381506530489306e-05,0.0,0.0
1095,Sen,1,2.7381506530489306e-05,0.0,0.0
1096,Queuing,1,2.7381506530489306e-05,0.0,0.0
1097,supported,1,2.7381506530489306e-05,0.0,0.0
1098,role,1,2.7381506530489306e-05,0.0,0.0
1131,secDOIPv6NAEUASOclients,1,2.7381506530489306e-05,0.0,0.0
1133,Fast,1,2.7381506530489306e-05,0.0,0.0
197,Cost,1,2.7381506530489306e-05,0.0,0.0
1135,reachable,1,2.7381506530489306e-05,0.0,0.0
1164,RTTbias,1,2.7381506530489306e-05,0.0,0.0
177,Fairhust,1,2.7381506530489306e-05,0.0,0.0
175,Schmitz,1,2.7381506530489306e-05,0.0,0.0
174,inbound,1,2.7381506530489306e-05,0.0,0.0
1169,within,1,2.7381506530489306e-05,0.0,0.0
173,statelessly,1,2.7381506530489306e-05,0.0,0.0
1172,begin,1,2.7381506530489306e-05,0.0,0.0
172,citation,1,2.7381506530489306e-05,0.0,0.0
171,Sarolahti,1,2.7381506530489306e-05,0.0,0.0
1176,Peon,1,2.7381506530489306e-05,0.0,0.0
1178,maximize,1,2.7381506530489306e-05,0.0,0.0
1179,maximum,1,2.7381506530489306e-05,0.0,0.0
1180,extensibility,1,2.7381506530489306e-05,0.0,0.0
1181,steady,1,2.7381506530489306e-05,0.0,0.0
1182,Ros,1,2.7381506530489306e-05,0.0,0.0
179,FOR,1,2.7381506530489306e-05,0.0,0.0
168,prior,1,2.7381506530489306e-05,0.0,0.0
1162,classroom,1,2.7381506530489306e-05,0.0,0.0
187,technologies,1,2.7381506530489306e-05,0.0,0.0
196,sug,1,2.7381506530489306e-05,0.0,0.0
1137,Still,1,2.7381506530489306e-05,0.0,0.0
195,Learned,1,2.7381506530489306e-05,0.0,0.0
1140,Armitage,1,2.7381506530489306e-05,0.0,0.0
1141,increase,1,2.7381506530489306e-05,0.0,0.0
1142,solve,1,2.7381506530489306e-05,0.0,0.0
1143,factors,1,2.7381506530489306e-05,0.0,0.0
1144,trammell,1,2.7381506530489306e-05,0.0,0.0
192,further,1,2.7381506530489306e-05,0.0,0.0
190,metrics,1,2.7381506530489306e-05,0.0,0.0
189,Anecdotally,1,2.7381506530489306e-05,0.0,0.0
188,Jesup,1,2.7381506530489306e-05,0.0,0.0
1149,choose,1,2.7381506530489306e-05,0.0,0.0
1151,studied,1,2.7381506530489306e-05,0.0,0.0
1153,selecting,1,2.7381506530489306e-05,0.0,0.0
1158,attributed,1,2.7381506530489306e-05,0.0,0.0
1150,command,1,2.7381506530489306e-05,0.0,0.0
1275,Extend,1,2.7381506530489306e-05,0.0,0.0
1211,deployments,1,2.7381506530489306e-05,0.0,0.0
1388,Hamilton,1,2.7381506530489306e-05,0.0,0.0
1390,Environment,1,2.7381506530489306e-05,0.0,0.0
1392,expected,1,2.7381506530489306e-05,0.0,0.0
1393,decisions,1,2.7381506530489306e-05,0.0,0.0
1395,finished,1,2.7381506530489306e-05,0.0,0.0
55,hamilton,1,2.7381506530489306e-05,0.0,0.0
1399,pdf,1,2.7381506530489306e-05,0.0,0.0
1400,achievable,1,2.7381506530489306e-05,0.0,0.0
54,Portdst,1,2.7381506530489306e-05,0.0,0.0
60,RELATED,1,2.7381506530489306e-05,0.0,0.0
52,racing,1,2.7381506530489306e-05,0.0,0.0
1405,Traffic,1,2.7381506530489306e-05,0.0,0.0
1406,Kreibich,1,2.7381506530489306e-05,0.0,0.0
49,configure,1,2.7381506530489306e-05,0.0,0.0
48,defined,1,2.7381506530489306e-05,0.0,0.0
47,optional,1,2.7381506530489306e-05,0.0,0.0
44,specific,1,2.7381506530489306e-05,0.0,0.0
1412,stack,1,2.7381506530489306e-05,0.0,0.0
43,Copyrights,1,2.7381506530489306e-05,0.0,0.0
35,Simple,1,2.7381506530489306e-05,0.0,0.0
1403,ABSTRACT,1,2.7381506530489306e-05,0.0,0.0
1420,dots,1,2.7381506530489306e-05,0.0,0.0
1386,completely,1,2.7381506530489306e-05,0.0,0.0
1384,represented,1,2.7381506530489306e-05,0.0,0.0
1353,highest,1,2.7381506530489306e-05,0.0,0.0
73,corresponds,1,2.7381506530489306e-05,0.0,0.0
72,platforms,1,2.7381506530489306e-05,0.0,0.0
1358,Issues,1,2.7381506530489306e-05,0.0,0.0
1360,alongside,1,2.7381506530489306e-05,0.0,0.0
69,underlying,1,2.7381506530489306e-05,0.0,0.0
1363,recognize,1,2.7381506530489306e-05,0.0,0.0
1366,attacks,1,2.7381506530489306e-05,0.0,0.0
1367,Strowes,1,2.7381506530489306e-05,0.0,0.0
1385,retains,1,2.7381506530489306e-05,0.0,0.0
1368,tamper,1,2.7381506530489306e-05,0.0,0.0
67,Development,1,2.7381506530489306e-05,0.0,0.0
1371,volumes,1,2.7381506530489306e-05,0.0,0.0
1374,Allman,1,2.7381506530489306e-05,0.0,0.0
1375,matrix,1,2.7381506530489306e-05,0.0,0.0
65,tbit,1,2.7381506530489306e-05,0.0,0.0
1378,Built,1,2.7381506530489306e-05,0.0,0.0
1380,Presence,1,2.7381506530489306e-05,0.0,0.0
1381,nearly,1,2.7381506530489306e-05,0.0,0.0
1382,Characteristics,1,2.7381506530489306e-05,0.0,0.0
1369,International,1,2.7381506530489306e-05,0.0,0.0
32,achievements,1,2.7381506530489306e-05,0.0,0.0
31,anything,1,2.7381506530489306e-05,0.0,0.0
1426,stability,1,2.7381506530489306e-05,0.0,0.0
1464,especially,1,2.7381506530489306e-05,0.0,0.0
1465,Abstracting,1,2.7381506530489306e-05,0.0,0.0
1466,establishment,1,2.7381506530489306e-05,0.0,0.0
13,March,1,2.7381506530489306e-05,0.0,0.0
1468,outbound,1,2.7381506530489306e-05,0.0,0.0
1469,strategy,1,2.7381506530489306e-05,0.0,0.0
1471,Operation,1,2.7381506530489306e-05,0.0,0.0
1472,personal,1,2.7381506530489306e-05,0.0,0.0
12,axes,1,2.7381506530489306e-05,0.0,0.0
14,years,1,2.7381506530489306e-05,0.0,0.0
11,reacts,1,2.7381506530489306e-05,0.0,0.0
1481,CDFLowerUDPthroughputHigherUDPthroughputPlanetLab,1,2.7381506530489306e-05,0.0,0.0
7,addressed,1,2.7381506530489306e-05,0.0,0.0
5,Passive,1,2.7381506530489306e-05,0.0,0.0
4,modularity,1,2.7381506530489306e-05,0.0,0.0
2,advances,1,2.7381506530489306e-05,0.0,0.0
1,unused,1,2.7381506530489306e-05,0.0,0.0
1487,home,1,2.7381506530489306e-05,0.0,0.0
1488,setup,1,2.7381506530489306e-05,0.0,0.0
1489,extend,1,2.7381506530489306e-05,0.0,0.0
1477,focuses,1,2.7381506530489306e-05,0.0,0.0
1462,Seggelmann,1,2.7381506530489306e-05,0.0,0.0
1460,Overall,1,2.7381506530489306e-05,0.0,0.0
18,TRANSPORT,1,2.7381506530489306e-05,0.0,0.0
1427,information,1,2.7381506530489306e-05,0.0,0.0
1428,identical,1,2.7381506530489306e-05,0.0,0.0
30,traversal,1,2.7381506530489306e-05,0.0,0.0
28,offers,1,2.7381506530489306e-05,0.0,0.0
1433,processing,1,2.7381506530489306e-05,0.0,0.0
1434,Belshe,1,2.7381506530489306e-05,0.0,0.0
1435,specified,1,2.7381506530489306e-05,0.0,0.0
1436,owned,1,2.7381506530489306e-05,0.0,0.0
1438,Secure,1,2.7381506530489306e-05,0.0,0.0
1439,parameters,1,2.7381506530489306e-05,0.0,0.0
1440,determines,1,2.7381506530489306e-05,0.0,0.0
1441,actually,1,2.7381506530489306e-05,0.0,0.0
1442,chose,1,2.7381506530489306e-05,0.0,0.0
1443,arranged,1,2.7381506530489306e-05,0.0,0.0
1446,types,1,2.7381506530489306e-05,0.0,0.0
25,necessarily,1,2.7381506530489306e-05,0.0,0.0
1449,errors,1,2.7381506530489306e-05,0.0,0.0
1450,May,1,2.7381506530489306e-05,0.0,0.0
22,Analysis,1,2.7381506530489306e-05,0.0,0.0
1457,kB,1,2.7381506530489306e-05,0.0,0.0
19,digitalocean,1,2.7381506530489306e-05,0.0,0.0
74,infers,1,2.7381506530489306e-05,0.0,0.0
147,programs,1,2.7381506530489306e-05,0.0,0.0
79,Measurements,1,2.7381506530489306e-05,0.0,0.0
80,previous,1,2.7381506530489306e-05,0.0,0.0
1244,situation,1,2.7381506530489306e-05,0.0,0.0
124,bidirectional,1,2.7381506530489306e-05,0.0,0.0
1247,Modern,1,2.7381506530489306e-05,0.0,0.0
1249,Next,1,2.7381506530489306e-05,0.0,0.0
1251,subnetwork,1,2.7381506530489306e-05,0.0,0.0
1252,differently,1,2.7381506530489306e-05,0.0,0.0
1255,tsvwg,1,2.7381506530489306e-05,0.0,0.0
1256,sitions,1,2.7381506530489306e-05,0.0,0.0
1258,Wilk,1,2.7381506530489306e-05,0.0,0.0
125,Architectural,1,2.7381506530489306e-05,0.0,0.0
1261,relying,1,2.7381506530489306e-05,0.0,0.0
1263,reports,1,2.7381506530489306e-05,0.0,0.0
1265,Gibbs,1,2.7381506530489306e-05,0.0,0.0
118,Congress,1,2.7381506530489306e-05,0.0,0.0
117,alternatives,1,2.7381506530489306e-05,0.0,0.0
1268,decapsulat,1,2.7381506530489306e-05,0.0,0.0
115,bottleneck,1,2.7381506530489306e-05,0.0,0.0
1272,WORK,1,2.7381506530489306e-05,0.0,0.0
1273,valid,1,2.7381506530489306e-05,0.0,0.0
1081,arrangement,1,2.7381506530489306e-05,0.0,0.0
1262,reported,1,2.7381506530489306e-05,0.0,0.0
1276,disk,1,2.7381506530489306e-05,0.0,0.0
130,views,1,2.7381506530489306e-05,0.0,0.0
1236,Hurtig,1,2.7381506530489306e-05,0.0,0.0
145,Raw,1,2.7381506530489306e-05,0.0,0.0
1213,relation,1,2.7381506530489306e-05,0.0,0.0
144,borrows,1,2.7381506530489306e-05,0.0,0.0
1215,effects,1,2.7381506530489306e-05,0.0,0.0
143,attempts,1,2.7381506530489306e-05,0.0,0.0
1218,computes,1,2.7381506530489306e-05,0.0,0.0
141,ICMP,1,2.7381506530489306e-05,0.0,0.0
1220,Local,1,2.7381506530489306e-05,0.0,0.0
139,biases,1,2.7381506530489306e-05,0.0,0.0
1237,atop,1,2.7381506530489306e-05,0.0,0.0
1223,download,1,2.7381506530489306e-05,0.0,0.0
138,Dynamics,1,2.7381506530489306e-05,0.0,0.0
1226,Bohnert,1,2.7381506530489306e-05,0.0,0.0
137,subsections,1,2.7381506530489306e-05,0.0,0.0
1229,sufficient,1,2.7381506530489306e-05,0.0,0.0
1230,afforded,1,2.7381506530489306e-05,0.0,0.0
135,Reliable,1,2.7381506530489306e-05,0.0,0.0
1232,source,1,2.7381506530489306e-05,0.0,0.0
1233,Qin,1,2.7381506530489306e-05,0.0,0.0
132,limits,1,2.7381506530489306e-05,0.0,0.0
1224,Tüxen,1,2.7381506530489306e-05,0.0,0.0
1278,versus,1,2.7381506530489306e-05,0.0,0.0
1280,listed,1,2.7381506530489306e-05,0.0,0.0
110,technique,1,2.7381506530489306e-05,0.0,0.0
96,enable,1,2.7381506530489306e-05,0.0,0.0
1320,reflect,1,2.7381506530489306e-05,0.0,0.0
1321,avoiding,1,2.7381506530489306e-05,0.0,0.0
1322,commercial,1,2.7381506530489306e-05,0.0,0.0
94,finally,1,2.7381506530489306e-05,0.0,0.0
93,handshake,1,2.7381506530489306e-05,0.0,0.0
91,TCPExposure,1,2.7381506530489306e-05,0.0,0.0
1329,PATHspider,1,2.7381506530489306e-05,0.0,0.0
1330,Many,1,2.7381506530489306e-05,0.0,0.0
1315,Cloud,1,2.7381506530489306e-05,0.0,0.0
87,IPsrc,1,2.7381506530489306e-05,0.0,0.0
84,remainder,1,2.7381506530489306e-05,0.0,0.0
1338,nlanr,1,2.7381506530489306e-05,0.0,0.0
1339,utilized,1,2.7381506530489306e-05,0.0,0.0
1340,significant,1,2.7381506530489306e-05,0.0,0.0
1342,datagram,1,2.7381506530489306e-05,0.0,0.0
1343,indeed,1,2.7381506530489306e-05,0.0,0.0
1345,Grinnmo,1,2.7381506530489306e-05,0.0,0.0
81,measuring,1,2.7381506530489306e-05,0.0,0.0
1347,acceptably,1,2.7381506530489306e-05,0.0,0.0
1333,Nechaev,1,2.7381506530489306e-05,0.0,0.0
1313,sender,1,2.7381506530489306e-05,0.0,0.0
97,traceroute,1,2.7381506530489306e-05,0.0,0.0
1311,Transla,1,2.7381506530489306e-05,0.0,0.0
1283,signal,1,2.7381506530489306e-05,0.0,0.0
1284,funding,1,2.7381506530489306e-05,0.0,0.0
1286,good,1,2.7381506530489306e-05,0.0,0.0
1287,Tirumala,1,2.7381506530489306e-05,0.0,0.0
1288,disfavor,1,2.7381506530489306e-05,0.0,0.0
1289,MB,1,2.7381506530489306e-05,0.0,0.0
108,Setup,1,2.7381506530489306e-05,0.0,0.0
107,Size,1,2.7381506530489306e-05,0.0,0.0
106,context,1,2.7381506530489306e-05,0.0,0.0
1293,iPerf,1,2.7381506530489306e-05,0.0,0.0
1295,transparency,1,2.7381506530489306e-05,0.0,0.0
1296,heatmap,1,2.7381506530489306e-05,0.0,0.0
104,sizes,1,2.7381506530489306e-05,0.0,0.0
1298,scenario,1,2.7381506530489306e-05,0.0,0.0
1299,timeouts,1,2.7381506530489306e-05,0.0,0.0
1300,World,1,2.7381506530489306e-05,0.0,0.0
103,efforts,1,2.7381506530489306e-05,0.0,0.0
1303,CCS,1,2.7381506530489306e-05,0.0,0.0
1304,reachability,1,2.7381506530489306e-05,0.0,0.0
99,alternate,1,2.7381506530489306e-05,0.0,0.0
1308,unpriv,1,2.7381506530489306e-05,0.0,0.0
1349,hindered,1,2.7381506530489306e-05,0.0,0.0
1080,into,1,2.7381506530489306e-05,0.0,0.0
995,Blocking,1,2.7381506530489306e-05,0.0,0.0
1078,smaller,1,2.7381506530489306e-05,0.0,0.0
424,Commission,1,2.7381506530489306e-05,0.0,0.0
675,Barre,1,2.7381506530489306e-05,0.0,0.0
677,Addresses,1,2.7381506530489306e-05,0.0,0.0
680,describes,1,2.7381506530489306e-05,0.0,0.0
682,clear,1,2.7381506530489306e-05,0.0,0.0
420,losses,1,2.7381506530489306e-05,0.0,0.0
685,multiplat,1,2.7381506530489306e-05,0.0,0.0
686,gradually,1,2.7381506530489306e-05,0.0,0.0
687,MSS,1,2.7381506530489306e-05,0.0,0.0
688,arguments,1,2.7381506530489306e-05,0.0,0.0
419,input,1,2.7381506530489306e-05,0.0,0.0
690,extra,1,2.7381506530489306e-05,0.0,0.0
691,January,1,2.7381506530489306e-05,0.0,0.0
417,kind,1,2.7381506530489306e-05,0.0,0.0
415,hosting,1,2.7381506530489306e-05,0.0,0.0
695,instead,1,2.7381506530489306e-05,0.0,0.0
413,smallest,1,2.7381506530489306e-05,0.0,0.0
698,Touch,1,2.7381506530489306e-05,0.0,0.0
699,challenged,1,2.7381506530489306e-05,0.0,0.0
700,Transactions,1,2.7381506530489306e-05,0.0,0.0
701,Quality,1,2.7381506530489306e-05,0.0,0.0
673,expressed,1,2.7381506530489306e-05,0.0,0.0
672,reduction,1,2.7381506530489306e-05,0.0,0.0
669,Note,1,2.7381506530489306e-05,0.0,0.0
426,thirty,1,2.7381506530489306e-05,0.0,0.0
638,KEYWORDS,1,2.7381506530489306e-05,0.0,0.0
440,IPdst,1,2.7381506530489306e-05,0.0,0.0
437,exceed,1,2.7381506530489306e-05,0.0,0.0
436,peers,1,2.7381506530489306e-05,0.0,0.0
435,increasing,1,2.7381506530489306e-05,0.0,0.0
647,Consid,1,2.7381506530489306e-05,0.0,0.0
648,immediate,1,2.7381506530489306e-05,0.0,0.0
433,identification,1,2.7381506530489306e-05,0.0,0.0
650,speaking,1,2.7381506530489306e-05,0.0,0.0
651,Segment,1,2.7381506530489306e-05,0.0,0.0
702,during,1,2.7381506530489306e-05,0.0,0.0
652,Spatscheck,1,2.7381506530489306e-05,0.0,0.0
658,obtained,1,2.7381506530489306e-05,0.0,0.0
430,explore,1,2.7381506530489306e-05,0.0,0.0
660,together,1,2.7381506530489306e-05,0.0,0.0
429,backdoor,1,2.7381506530489306e-05,0.0,0.0
662,encapsulations,1,2.7381506530489306e-05,0.0,0.0
428,gateway,1,2.7381506530489306e-05,0.0,0.0
664,Middleboxes,1,2.7381506530489306e-05,0.0,0.0
665,globally,1,2.7381506530489306e-05,0.0,0.0
427,C2,1,2.7381506530489306e-05,0.0,0.0
667,generalizes,1,2.7381506530489306e-05,0.0,0.0
653,detection,1,2.7381506530489306e-05,0.0,0.0
703,Mobility,1,2.7381506530489306e-05,0.0,0.0
704,Behavior,1,2.7381506530489306e-05,0.0,0.0
411,widespread,1,2.7381506530489306e-05,0.0,0.0
1490,Results,1,2.7381506530489306e-05,0.0,0.0
747,Greenhalgh,1,2.7381506530489306e-05,0.0,0.0
748,CDFHigherUDPRTTSmallerUDPRTTPlanetLab,1,2.7381506530489306e-05,0.0,0.0
749,Further,1,2.7381506530489306e-05,0.0,0.0
750,concentrated,1,2.7381506530489306e-05,0.0,0.0
751,appears,1,2.7381506530489306e-05,0.0,0.0
752,Kojo,1,2.7381506530489306e-05,0.0,0.0
754,msPlanetLab,1,2.7381506530489306e-05,0.0,0.0
755,Extensions,1,2.7381506530489306e-05,0.0,0.0
389,Bonaventure,1,2.7381506530489306e-05,0.0,0.0
743,insights,1,2.7381506530489306e-05,0.0,0.0
757,Interactions,1,2.7381506530489306e-05,0.0,0.0
761,Guidelines,1,2.7381506530489306e-05,0.0,0.0
762,advocates,1,2.7381506530489306e-05,0.0,0.0
763,Initial,1,2.7381506530489306e-05,0.0,0.0
764,Statistics,1,2.7381506530489306e-05,0.0,0.0
765,Future,1,2.7381506530489306e-05,0.0,0.0
383,Thomson,1,2.7381506530489306e-05,0.0,0.0
379,proceedings,1,2.7381506530489306e-05,0.0,0.0
770,called,1,2.7381506530489306e-05,0.0,0.0
375,summarizing,1,2.7381506530489306e-05,0.0,0.0
772,unassigned,1,2.7381506530489306e-05,0.0,0.0
759,solutions,1,2.7381506530489306e-05,0.0,0.0
637,implementing,1,2.7381506530489306e-05,0.0,0.0
740,Conti,1,2.7381506530489306e-05,0.0,0.0
391,Nishida,1,2.7381506530489306e-05,0.0,0.0
408,regarding,1,2.7381506530489306e-05,0.0,0.0
710,exclud,1,2.7381506530489306e-05,0.0,0.0
711,INTRODUCTION,1,2.7381506530489306e-05,0.0,0.0
407,Consistently,1,2.7381506530489306e-05,0.0,0.0
715,opens,1,2.7381506530489306e-05,0.0,0.0
406,credit,1,2.7381506530489306e-05,0.0,0.0
717,Journal,1,2.7381506530489306e-05,0.0,0.0
718,easily,1,2.7381506530489306e-05,0.0,0.0
719,traditional,1,2.7381506530489306e-05,0.0,0.0
720,Telecommunications,1,2.7381506530489306e-05,0.0,0.0
739,WebSockets,1,2.7381506530489306e-05,0.0,0.0
721,Selection,1,2.7381506530489306e-05,0.0,0.0
405,emulates,1,2.7381506530489306e-05,0.0,0.0
724,straightforwardly,1,2.7381506530489306e-05,0.0,0.0
403,completed,1,2.7381506530489306e-05,0.0,0.0
401,calibrated,1,2.7381506530489306e-05,0.0,0.0
398,six,1,2.7381506530489306e-05,0.0,0.0
396,Honda,1,2.7381506530489306e-05,0.0,0.0
730,pages,1,2.7381506530489306e-05,0.0,0.0
732,latter,1,2.7381506530489306e-05,0.0,0.0
393,profit,1,2.7381506530489306e-05,0.0,0.0
737,sending,1,2.7381506530489306e-05,0.0,0.0
722,terference,1,2.7381506530489306e-05,0.0,0.0
773,From,1,2.7381506530489306e-05,0.0,0.0
636,gives,1,2.7381506530489306e-05,0.0,0.0
634,IETF,1,2.7381506530489306e-05,0.0,0.0
485,segments,1,2.7381506530489306e-05,0.0,0.0
534,inline,1,2.7381506530489306e-05,0.0,0.0
535,sequence,1,2.7381506530489306e-05,0.0,0.0
536,performed,1,2.7381506530489306e-05,0.0,0.0
540,proof,1,2.7381506530489306e-05,0.0,0.0
541,Or,1,2.7381506530489306e-05,0.0,0.0
542,arbitrary,1,2.7381506530489306e-05,0.0,0.0
481,Deployment,1,2.7381506530489306e-05,0.0,0.0
544,mainly,1,2.7381506530489306e-05,0.0,0.0
546,respectively,1,2.7381506530489306e-05,0.0,0.0
480,Home,1,2.7381506530489306e-05,0.0,0.0
548,Stack,1,2.7381506530489306e-05,0.0,0.0
549,ubiquity,1,2.7381506530489306e-05,0.0,0.0
550,RED,1,2.7381506530489306e-05,0.0,0.0
479,indicates,1,2.7381506530489306e-05,0.0,0.0
554,could,1,2.7381506530489306e-05,0.0,0.0
556,cut,1,2.7381506530489306e-05,0.0,0.0
476,recently,1,2.7381506530489306e-05,0.0,0.0
474,secPlanetLab,1,2.7381506530489306e-05,0.0,0.0
559,Networked,1,2.7381506530489306e-05,0.0,0.0
563,below,1,2.7381506530489306e-05,0.0,0.0
532,biased,1,2.7381506530489306e-05,0.0,0.0
531,appropriate,1,2.7381506530489306e-05,0.0,0.0
529,Experience,1,2.7381506530489306e-05,0.0,0.0
487,knowledge,1,2.7381506530489306e-05,0.0,0.0
500,relies,1,2.7381506530489306e-05,0.0,0.0
497,responsible,1,2.7381506530489306e-05,0.0,0.0
503,connectivitybias,1,2.7381506530489306e-05,0.0,0.0
506,operating,1,2.7381506530489306e-05,0.0,0.0
495,equally,1,2.7381506530489306e-05,0.0,0.0
508,Measuring,1,2.7381506530489306e-05,0.0,0.0
509,Atlas,1,2.7381506530489306e-05,0.0,0.0
510,concludes,1,2.7381506530489306e-05,0.0,0.0
494,assessment,1,2.7381506530489306e-05,0.0,0.0
493,those,1,2.7381506530489306e-05,0.0,0.0
473,trend,1,2.7381506530489306e-05,0.0,0.0
514,absence,1,2.7381506530489306e-05,0.0,0.0
516,More,1,2.7381506530489306e-05,0.0,0.0
492,possibilities,1,2.7381506530489306e-05,0.0,0.0
491,Given,1,2.7381506530489306e-05,0.0,0.0
519,despite,1,2.7381506530489306e-05,0.0,0.0
520,isolate,1,2.7381506530489306e-05,0.0,0.0
490,claims,1,2.7381506530489306e-05,0.0,0.0
522,theoretical,1,2.7381506530489306e-05,0.0,0.0
489,example,1,2.7381506530489306e-05,0.0,0.0
524,promised,1,2.7381506530489306e-05,0.0,0.0
525,pleads,1,2.7381506530489306e-05,0.0,0.0
515,groundtruth,1,2.7381506530489306e-05,0.0,0.0
566,listening,1,2.7381506530489306e-05,0.0,0.0
472,ACKNOWLEDGMENTS,1,2.7381506530489306e-05,0.0,0.0
568,Gregori,1,2.7381506530489306e-05,0.0,0.0
454,WLANs,1,2.7381506530489306e-05,0.0,0.0
606,provider,1,2.7381506530489306e-05,0.0,0.0
607,authors,1,2.7381506530489306e-05,0.0,0.0
609,directly,1,2.7381506530489306e-05,0.0,0.0
610,RTTs,1,2.7381506530489306e-05,0.0,0.0
451,minimizes,1,2.7381506530489306e-05,0.0,0.0
612,touch,1,2.7381506530489306e-05,0.0,0.0
450,CONCEPTS,1,2.7381506530489306e-05,0.0,0.0
615,Horizon,1,2.7381506530489306e-05,0.0,0.0
618,granted,1,2.7381506530489306e-05,0.0,0.0
455,write,1,2.7381506530489306e-05,0.0,0.0
620,standard,1,2.7381506530489306e-05,0.0,0.0
448,collected,1,2.7381506530489306e-05,0.0,0.0
447,Tail,1,2.7381506530489306e-05,0.0,0.0
624,Revisited,1,2.7381506530489306e-05,0.0,0.0
625,fragmentation,1,2.7381506530489306e-05,0.0,0.0
626,Percentage,1,2.7381506530489306e-05,0.0,0.0
627,repeated,1,2.7381506530489306e-05,0.0,0.0
628,encapsulating,1,2.7381506530489306e-05,0.0,0.0
445,Proceedings,1,2.7381506530489306e-05,0.0,0.0
632,ileged,1,2.7381506530489306e-05,0.0,0.0
441,msDOIPv6,1,2.7381506530489306e-05,0.0,0.0
621,Tokuda,1,2.7381506530489306e-05,0.0,0.0
635,Service,1,2.7381506530489306e-05,0.0,0.0
602,far,1,2.7381506530489306e-05,0.0,0.0
456,Channels,1,2.7381506530489306e-05,0.0,0.0
569,policy,1,2.7381506530489306e-05,0.0,0.0
570,field,1,2.7381506530489306e-05,0.0,0.0
571,applicability,1,2.7381506530489306e-05,0.0,0.0
471,describing,1,2.7381506530489306e-05,0.0,0.0
573,kernel,1,2.7381506530489306e-05,0.0,0.0
574,WiFI,1,2.7381506530489306e-05,0.0,0.0
470,Ferguson,1,2.7381506530489306e-05,0.0,0.0
578,numbers,1,2.7381506530489306e-05,0.0,0.0
468,around,1,2.7381506530489306e-05,0.0,0.0
467,HTTPS,1,2.7381506530489306e-05,0.0,0.0
601,Projects,1,2.7381506530489306e-05,0.0,0.0
465,highlights,1,2.7381506530489306e-05,0.0,0.0
584,permitted,1,2.7381506530489306e-05,0.0,0.0
461,Request,1,2.7381506530489306e-05,0.0,0.0
588,Possible,1,2.7381506530489306e-05,0.0,0.0
590,Eggert,1,2.7381506530489306e-05,0.0,0.0
591,located,1,2.7381506530489306e-05,0.0,0.0
593,Handovers,1,2.7381506530489306e-05,0.0,0.0
458,Transparency,1,2.7381506530489306e-05,0.0,0.0
596,organized,1,2.7381506530489306e-05,0.0,0.0
457,eases,1,2.7381506530489306e-05,0.0,0.0
599,identify,1,2.7381506530489306e-05,0.0,0.0
464,viability,1,2.7381506530489306e-05,0.0,0.0
372,Springer,1,2.7381506530489306e-05,0.0,0.0
371,acm,1,2.7381506530489306e-05,0.0,0.0
779,partial,1,2.7381506530489306e-05,0.0,0.0
277,supports,1,2.7381506530489306e-05,0.0,0.0
975,growth,1,2.7381506530489306e-05,0.0,0.0
978,protection,1,2.7381506530489306e-05,0.0,0.0
272,sets,1,2.7381506530489306e-05,0.0,0.0
271,asked,1,2.7381506530489306e-05,0.0,0.0
270,easy,1,2.7381506530489306e-05,0.0,0.0
269,disadvantages,1,2.7381506530489306e-05,0.0,0.0
986,Stewart,1,2.7381506530489306e-05,0.0,0.0
265,concept,1,2.7381506530489306e-05,0.0,0.0
990,refers,1,2.7381506530489306e-05,0.0,0.0
264,facility,1,2.7381506530489306e-05,0.0,0.0
498,extent,1,2.7381506530489306e-05,0.0,0.0
996,proposed,1,2.7381506530489306e-05,0.0,0.0
997,translators,1,2.7381506530489306e-05,0.0,0.0
260,throughout,1,2.7381506530489306e-05,0.0,0.0
1000,introduces,1,2.7381506530489306e-05,0.0,0.0
257,destination,1,2.7381506530489306e-05,0.0,0.0
1004,every,1,2.7381506530489306e-05,0.0,0.0
1005,discussed,1,2.7381506530489306e-05,0.0,0.0
256,lightweight,1,2.7381506530489306e-05,0.0,0.0
1007,Medina,1,2.7381506530489306e-05,0.0,0.0
971,demonstrates,1,2.7381506530489306e-05,0.0,0.0
970,REFERENCES,1,2.7381506530489306e-05,0.0,0.0
967,February,1,2.7381506530489306e-05,0.0,0.0
966,Zealand,1,2.7381506530489306e-05,0.0,0.0
935,WTC,1,2.7381506530489306e-05,0.0,0.0
297,Nyrhinen,1,2.7381506530489306e-05,0.0,0.0
295,Khademi,1,2.7381506530489306e-05,0.0,0.0
294,decreased,1,2.7381506530489306e-05,0.0,0.0
940,Probes,1,2.7381506530489306e-05,0.0,0.0
941,placed,1,2.7381506530489306e-05,0.0,0.0
942,components,1,2.7381506530489306e-05,0.0,0.0
293,unlike,1,2.7381506530489306e-05,0.0,0.0
291,Multiple,1,2.7381506530489306e-05,0.0,0.0
948,intra,1,2.7381506530489306e-05,0.0,0.0
255,observatory,1,2.7381506530489306e-05,0.0,0.0
949,ones,1,2.7381506530489306e-05,0.0,0.0
286,enterprise,1,2.7381506530489306e-05,0.0,0.0
952,connects,1,2.7381506530489306e-05,0.0,0.0
953,points,1,2.7381506530489306e-05,0.0,0.0
954,cached,1,2.7381506530489306e-05,0.0,0.0
284,then,1,2.7381506530489306e-05,0.0,0.0
957,background,1,2.7381506530489306e-05,0.0,0.0
958,bulk,1,2.7381506530489306e-05,0.0,0.0
961,lists,1,2.7381506530489306e-05,0.0,0.0
963,faster,1,2.7381506530489306e-05,0.0,0.0
964,evaluates,1,2.7381506530489306e-05,0.0,0.0
950,Flows,1,2.7381506530489306e-05,0.0,0.0
1010,curate,1,2.7381506530489306e-05,0.0,0.0
1011,Previous,1,2.7381506530489306e-05,0.0,0.0
253,rtcweb,1,2.7381506530489306e-05,0.0,0.0
1048,Learmonth,1,2.7381506530489306e-05,0.0,0.0
1049,others,1,2.7381506530489306e-05,0.0,0.0
233,Between,1,2.7381506530489306e-05,0.0,0.0
1051,Mobile,1,2.7381506530489306e-05,0.0,0.0
1055,massive,1,2.7381506530489306e-05,0.0,0.0
1057,Maximum,1,2.7381506530489306e-05,0.0,0.0
1060,particularly,1,2.7381506530489306e-05,0.0,0.0
1061,simulations,1,2.7381506530489306e-05,0.0,0.0
1062,illustration,1,2.7381506530489306e-05,0.0,0.0
227,apart,1,2.7381506530489306e-05,0.0,0.0
1047,simultaneously,1,2.7381506530489306e-05,0.0,0.0
226,developed,1,2.7381506530489306e-05,0.0,0.0
224,Finally,1,2.7381506530489306e-05,0.0,0.0
1069,dark,1,2.7381506530489306e-05,0.0,0.0
223,COPYCAT,1,2.7381506530489306e-05,0.0,0.0
222,cannot,1,2.7381506530489306e-05,0.0,0.0
1072,arrive,1,2.7381506530489306e-05,0.0,0.0
1073,republish,1,2.7381506530489306e-05,0.0,0.0
1074,Dugan,1,2.7381506530489306e-05,0.0,0.0
221,Weaver,1,2.7381506530489306e-05,0.0,0.0
1076,varieties,1,2.7381506530489306e-05,0.0,0.0
218,Review,1,2.7381506530489306e-05,0.0,0.0
225,influenced,1,2.7381506530489306e-05,0.0,0.0
298,availability,1,2.7381506530489306e-05,0.0,0.0
1046,Specification,1,2.7381506530489306e-05,0.0,0.0
1044,taken,1,2.7381506530489306e-05,0.0,0.0
252,stream,1,2.7381506530489306e-05,0.0,0.0
250,Speed,1,2.7381506530489306e-05,0.0,0.0
1015,waits,1,2.7381506530489306e-05,0.0,0.0
1017,Most,1,2.7381506530489306e-05,0.0,0.0
247,multiplexing,1,2.7381506530489306e-05,0.0,0.0
245,Iperf,1,2.7381506530489306e-05,0.0,0.0
241,systematic,1,2.7381506530489306e-05,0.0,0.0
1022,Generally,1,2.7381506530489306e-05,0.0,0.0
240,virtual,1,2.7381506530489306e-05,0.0,0.0
1024,features,1,2.7381506530489306e-05,0.0,0.0
236,Global,1,2.7381506530489306e-05,0.0,0.0
1025,Dual,1,2.7381506530489306e-05,0.0,0.0
1031,caused,1,2.7381506530489306e-05,0.0,0.0
1033,captured,1,2.7381506530489306e-05,0.0,0.0
238,Inferring,1,2.7381506530489306e-05,0.0,0.0
1035,sides,1,2.7381506530489306e-05,0.0,0.0
1036,dast,1,2.7381506530489306e-05,0.0,0.0
1038,analyzing,1,2.7381506530489306e-05,0.0,0.0
1039,DNS,1,2.7381506530489306e-05,0.0,0.0
1041,still,1,2.7381506530489306e-05,0.0,0.0
1042,Papastergiou,1,2.7381506530489306e-05,0.0,0.0
1043,complements,1,2.7381506530489306e-05,0.0,0.0
1027,routers,1,2.7381506530489306e-05,0.0,0.0
933,Drop,1,2.7381506530489306e-05,0.0,0.0
299,simply,1,2.7381506530489306e-05,0.0,0.0
931,Rescorla,1,2.7381506530489306e-05,0.0,0.0
817,By,1,2.7381506530489306e-05,0.0,0.0
821,implementation,1,2.7381506530489306e-05,0.0,0.0
822,April,1,2.7381506530489306e-05,0.0,0.0
349,exact,1,2.7381506530489306e-05,0.0,0.0
824,being,1,2.7381506530489306e-05,0.0,0.0
348,separate,1,2.7381506530489306e-05,0.0,0.0
346,mobile,1,2.7381506530489306e-05,0.0,0.0
828,models,1,2.7381506530489306e-05,0.0,0.0
829,agree,1,2.7381506530489306e-05,0.0,0.0
345,connected,1,2.7381506530489306e-05,0.0,0.0
816,PAM,1,2.7381506530489306e-05,0.0,0.0
831,Permission,1,2.7381506530489306e-05,0.0,0.0
836,defensive,1,2.7381506530489306e-05,0.0,0.0
341,covering,1,2.7381506530489306e-05,0.0,0.0
840,seven,1,2.7381506530489306e-05,0.0,0.0
338,assuming,1,2.7381506530489306e-05,0.0,0.0
843,solely,1,2.7381506530489306e-05,0.0,0.0
844,essence,1,2.7381506530489306e-05,0.0,0.0
337,uniformly,1,2.7381506530489306e-05,0.0,0.0
846,Union,1,2.7381506530489306e-05,0.0,0.0
847,Where,1,2.7381506530489306e-05,0.0,0.0
848,Developpers,1,2.7381506530489306e-05,0.0,0.0
834,occupation,1,2.7381506530489306e-05,0.0,0.0
850,advantageous,1,2.7381506530489306e-05,0.0,0.0
354,sized,1,2.7381506530489306e-05,0.0,0.0
812,PATHSpider,1,2.7381506530489306e-05,0.0,0.0
780,Kohler,1,2.7381506530489306e-05,0.0,0.0
370,confirmed,1,2.7381506530489306e-05,0.0,0.0
782,evenly,1,2.7381506530489306e-05,0.0,0.0
783,Black,1,2.7381506530489306e-05,0.0,0.0
368,seconds,1,2.7381506530489306e-05,0.0,0.0
785,receives,1,2.7381506530489306e-05,0.0,0.0
367,internet,1,2.7381506530489306e-05,0.0,0.0
787,Gateway,1,2.7381506530489306e-05,0.0,0.0
788,unavailable,1,2.7381506530489306e-05,0.0,0.0
366,determined,1,2.7381506530489306e-05,0.0,0.0
356,throttling,1,2.7381506530489306e-05,0.0,0.0
792,may,1,2.7381506530489306e-05,0.0,0.0
798,Hosts,1,2.7381506530489306e-05,0.0,0.0
364,Lessons,1,2.7381506530489306e-05,0.0,0.0
363,rapid,1,2.7381506530489306e-05,0.0,0.0
802,cloud,1,2.7381506530489306e-05,0.0,0.0
804,receiver,1,2.7381506530489306e-05,0.0,0.0
359,target,1,2.7381506530489306e-05,0.0,0.0
358,transient,1,2.7381506530489306e-05,0.0,0.0
357,Wing,1,2.7381506530489306e-05,0.0,0.0
809,today,1,2.7381506530489306e-05,0.0,0.0
810,operates,1,2.7381506530489306e-05,0.0,0.0
794,But,1,2.7381506530489306e-05,0.0,0.0
215,enabling,1,2.7381506530489306e-05,0.0,0.0
851,Area,1,2.7381506530489306e-05,0.0,0.0
855,allowing,1,2.7381506530489306e-05,0.0,0.0
893,gests,1,2.7381506530489306e-05,0.0,0.0
894,Then,1,2.7381506530489306e-05,0.0,0.0
895,diversity,1,2.7381506530489306e-05,0.0,0.0
896,Mao,1,2.7381506530489306e-05,0.0,0.0
316,systems,1,2.7381506530489306e-05,0.0,0.0
898,Brunstrom,1,2.7381506530489306e-05,0.0,0.0
315,handles,1,2.7381506530489306e-05,0.0,0.0
901,Willinger,1,2.7381506530489306e-05,0.0,0.0
902,Indeed,1,2.7381506530489306e-05,0.0,0.0
903,sound,1,2.7381506530489306e-05,0.0,0.0
317,Second,1,2.7381506530489306e-05,0.0,0.0
314,honored,1,2.7381506530489306e-05,0.0,0.0
914,Options,1,2.7381506530489306e-05,0.0,0.0
310,fashion,1,2.7381506530489306e-05,0.0,0.0
308,applicable,1,2.7381506530489306e-05,0.0,0.0
307,entirely,1,2.7381506530489306e-05,0.0,0.0
920,after,1,2.7381506530489306e-05,0.0,0.0
921,coded,1,2.7381506530489306e-05,0.0,0.0
924,placing,1,2.7381506530489306e-05,0.0,0.0
303,helps,1,2.7381506530489306e-05,0.0,0.0
928,aside,1,2.7381506530489306e-05,0.0,0.0
929,sense,1,2.7381506530489306e-05,0.0,0.0
907,since,1,2.7381506530489306e-05,0.0,0.0
853,Algorithm,1,2.7381506530489306e-05,0.0,0.0
891,Hayes,1,2.7381506530489306e-05,0.0,0.0
320,above,1,2.7381506530489306e-05,0.0,0.0
856,does,1,2.7381506530489306e-05,0.0,0.0
335,default,1,2.7381506530489306e-05,0.0,0.0
858,built,1,2.7381506530489306e-05,0.0,0.0
333,achieved,1,2.7381506530489306e-05,0.0,0.0
860,First,1,2.7381506530489306e-05,0.0,0.0
861,whose,1,2.7381506530489306e-05,0.0,0.0
864,message,1,2.7381506530489306e-05,0.0,0.0
328,largest,1,2.7381506530489306e-05,0.0,0.0
866,SPDY,1,2.7381506530489306e-05,0.0,0.0
325,compliant,1,2.7381506530489306e-05,0.0,0.0
318,Cellular,1,2.7381506530489306e-05,0.0,0.0
324,redistribute,1,2.7381506530489306e-05,0.0,0.0
872,Yourtchenko,1,2.7381506530489306e-05,0.0,0.0
873,Success,1,2.7381506530489306e-05,0.0,0.0
874,dependent,1,2.7381506530489306e-05,0.0,0.0
875,poses,1,2.7381506530489306e-05,0.0,0.0
876,Eqn,1,2.7381506530489306e-05,0.0,0.0
878,inner,1,2.7381506530489306e-05,0.0,0.0
879,fundamentally,1,2.7381506530489306e-05,0.0,0.0
881,Bandwidth,1,2.7381506530489306e-05,0.0,0.0
322,remember,1,2.7381506530489306e-05,0.0,0.0
321,Much,1,2.7381506530489306e-05,0.0,0.0
871,Fresh,1,2.7381506530489306e-05,0.0,0.0
0,illuminating,1,2.7381506530489306e-05,0.0,0.0
